id,Posted_date,Job Title from List,Job Title,Company,Company Logo URL,Country,Location,Skills,Salary Info,Source
1,12-09-2024,Network engineer,"Senior Software Engineer (iOS Developer) in Irving, TX. Multiple openings",U.S. Bank,https://d2q79iu7y748jz.cloudfront.net/s/_squarelogo/256x256/14355bd958f2cbe0d5c107975854afd6,Germany,"Irving, TX",R,"$119,765 - $154,990 ",indeed.com
2,10-20-2024,Network engineer,Mobile Developer in Test (iOS with Cypress and Swift),Fidelity TalentSource,https://d2q79iu7y748jz.cloudfront.net/s/_squarelogo/256x256/4630577b0160aeea641e462095dbed8d,Germany,"Westlake, TX",R,NA,indeed.com
3,11-15-2024,Network engineer,Senior iOS Developer,Inabia Software &amp; Consulting Inc.,NA,Germany,"Dallas, TX",R,NA,indeed.com
4,03-30-2022,Network engineer,Objective C developers,American-IS,NA,Germany,"Arlington, TX","LAN,R",NA,indeed.com
5,12-02-2024,Network engineer,Sr. iOS Developer. (Onsite),Cognizant,https://d2q79iu7y748jz.cloudfront.net/s/_squarelogo/256x256/ad8bfb9614127a4e501b8734b35b7855,Germany,"Dallas, TX",R,"$81,500 - $141,500 ",indeed.com
6,09-19-2024,Network engineer,Sr iOS Developer,TEK NINJAS,https://d2q79iu7y748jz.cloudfront.net/s/_squarelogo/256x256/f05f90301da28a2995493120b6dd0ff2,Germany,"Fort Worth, TX",R,NA,indeed.com
7,10-30-2024,Network engineer,iOS Developer,CEDENT,NA,Germany,"Dallas, TX","Software Development,R",NA,indeed.com
8,04-11-2022,Network engineer,Senior IOS Developer,"Bayone Solutions, Inc.",https://d2q79iu7y748jz.cloudfront.net/s/_squarelogo/256x256/46fab688f1c649df8151425905d08862,Germany,"Plano, TX",R,NA,indeed.com
9,12-14-2020,Network engineer,Senior Mobile Developer – iOS,I-Team,NA,Germany,"Branch, TX","Software Development,R",NA,indeed.com
10,11-07-2024,Network engineer,Mobile Application Developer,RisamSoft,NA,Germany,"Irving, TX","Software Development,R",NA,indeed.com
11,03-20-2020,Network engineer,Senior Software Engineer (iOS),Axionent,NA,Germany,"Richardson, TX","LAN,R",NA,indeed.com
12,11-22-2024,Network engineer,React Native Developer,Inclusion Cloud,https://d2q79iu7y748jz.cloudfront.net/s/_squarelogo/256x256/481170ffa79cf51d852401e24e205b8e,Germany,"Dallas, TX","LAN,R",NA,indeed.com
13,02-23-2024,Network engineer,"Mobile Lead- Dallas, TX",Photon,https://d2q79iu7y748jz.cloudfront.net/s/_squarelogo/256x256/4aa6cf8582dae94e91d8bf97770bbf32,Germany,"Dallas, TX","LAN,R",NA,indeed.com
14,12-05-2024,Network engineer,Development Manager,Tyler Technologies,https://d2q79iu7y748jz.cloudfront.net/s/_squarelogo/256x256/0ab4aded708ddde71411f9fabe0add22,Germany,"Plano, TX","Software Development,R",NA,indeed.com
15,07-02-2024,Network engineer,Mobile Developer (Front End),Fidelity TalentSource,https://d2q79iu7y748jz.cloudfront.net/s/_squarelogo/256x256/4630577b0160aeea641e462095dbed8d,Germany,"Westlake, TX","LAN,R",NA,indeed.com
16,12-06-2024,Network engineer,Sr. MAUI Developer - On Demand,Indeed,https://d2q79iu7y748jz.cloudfront.net/s/_squarelogo/256x256/dc5e5697a3e19463eb188253d20627df,Germany,"Irving, TX",R,"$20,000 - $40,000 ",indeed.com
17,12-06-2024,Network engineer,"Team Lead, IT Applications",American Airlines,https://d2q79iu7y748jz.cloudfront.net/s/_squarelogo/256x256/e3c27172642fbec0755db09067a127bf,Germany,"Dallas, TX","Software Development,R",NA,indeed.com
18,10-08-2024,Network engineer,iOS Developer,TEK NINJAS,https://d2q79iu7y748jz.cloudfront.net/s/_squarelogo/256x256/f05f90301da28a2995493120b6dd0ff2,Germany,"Plano, TX","LAN,R",$55 - $60 an hour,indeed.com
19,12-03-2024,Network engineer,iOS Developer-E,Indeed,NA,Germany,"Fort Worth, TX","Software Development,R","From $7,000 a month",indeed.com
20,09-12-2024,Network engineer,Sr. Developer Android Native App,Michaels,https://d2q79iu7y748jz.cloudfront.net/s/_squarelogo/256x256/c2c5b03650498aa7afdc084cb7678986,Germany,"Irving, TX",R,NA,indeed.com
21,01-09-2023,Network engineer,"Senior Software Engineer (React, DevOps, iOS, Javascript)",CEDENT,NA,Germany,"Westlake, TX","Software Development,R",NA,indeed.com
22,05-21-2024,Network engineer,React Native - iOS Lead,Photon,https://d2q79iu7y748jz.cloudfront.net/s/_squarelogo/256x256/4aa6cf8582dae94e91d8bf97770bbf32,Germany,"Dallas, TX","LAN,R",NA,indeed.com
23,11-22-2024,Network engineer,System Admin,Vofox Solutions,https://d2q79iu7y748jz.cloudfront.net/s/_squarelogo/256x256/bd9fbd7ccc538ccf39da442420d564da,Germany,"Irving, TX",R,NA,indeed.com
24,10-21-2024,Network engineer,Staff Engineer - iOS,CVS Health,https://d2q79iu7y748jz.cloudfront.net/s/_squarelogo/256x256/ef487bd4918a595f3e86081a6c389d41,Germany,"Richardson, TX","Software Development,R","$118,450 - $284,280 ",indeed.com
25,12-03-2024,Network engineer,Sr. Mobile Developer,Indeed,NA,Germany,"Westlake, TX","LAN,R",NA,indeed.com
26,12-06-2024,Network engineer,iOS Consultant,Infosys,https://d2q79iu7y748jz.cloudfront.net/s/_squarelogo/256x256/3da3b97b6f16b9eaf7b736ff548625f2,Germany,"Richardson, TX","Software Development,R",NA,indeed.com
27,12-06-2024,Network engineer,Senior iOS Developer,Indeed,https://d2q79iu7y748jz.cloudfront.net/s/_squarelogo/256x256/d9e5a2328367c1d03dcf10489e4c44b7,Germany,"Plano, TX","Authorization,R",$60 - $75 an hour,indeed.com
28,11-18-2024,Network engineer,Mobile iOS Lead Architect,Nisum,https://d2q79iu7y748jz.cloudfront.net/s/_squarelogo/256x256/db5fb623ec6ad6a08c2c2a223566c689,Germany,"Plano, TX",R,"$145,000 - $150,000 ",indeed.com
29,11-04-2024,Network engineer,"Staff Software Engineer, Payments (Flutter)",GoodLeap,https://d2q79iu7y748jz.cloudfront.net/s/_squarelogo/256x256/e815fe4923f5e049ae9049eb37938954,Germany,"Plano, TX",R,"$164,000 - $187,000 ",indeed.com
30,12-01-2024,Network engineer,MuleSoft Developer,Everlight Solar,https://d2q79iu7y748jz.cloudfront.net/s/_squarelogo/256x256/91e48ea0416c3a1bf516cee26e117d1f,Germany,"Dallas, TX",R,"$60,000 - $100,000 ",indeed.com
31,12-06-2024,Network engineer,Sr. MAUI Developer - On Demand,Indeed,https://d2q79iu7y748jz.cloudfront.net/s/_squarelogo/256x256/dc5e5697a3e19463eb188253d20627df,Germany,"Irving, TX",R,"$20,000 - $40,000 ",indeed.com
32,09-12-2024,Network engineer,Sr. Developer Android Native App,Michaels,https://d2q79iu7y748jz.cloudfront.net/s/_squarelogo/256x256/c2c5b03650498aa7afdc084cb7678986,Germany,"Irving, TX",R,NA,indeed.com
33,12-06-2024,Network engineer,"Team Lead, IT Applications",American Airlines,https://d2q79iu7y748jz.cloudfront.net/s/_squarelogo/256x256/e3c27172642fbec0755db09067a127bf,Germany,"Dallas, TX","Software Development,R",NA,indeed.com
34,11-22-2024,Network engineer,System Admin,Vofox Solutions,https://d2q79iu7y748jz.cloudfront.net/s/_squarelogo/256x256/bd9fbd7ccc538ccf39da442420d564da,Germany,"Irving, TX",R,NA,indeed.com
35,12-03-2024,Network engineer,iOS Developer-E,Indeed,NA,Germany,"Fort Worth, TX","Software Development,R","From $7,000 a month",indeed.com
36,10-08-2024,Network engineer,iOS Developer,TEK NINJAS,https://d2q79iu7y748jz.cloudfront.net/s/_squarelogo/256x256/f05f90301da28a2995493120b6dd0ff2,Germany,"Plano, TX","LAN,R",$55 - $60 an hour,indeed.com
37,01-09-2023,Network engineer,"Senior Software Engineer (React, DevOps, iOS, Javascript)",CEDENT,NA,Germany,"Westlake, TX","Software Development,R",NA,indeed.com
38,10-21-2024,Network engineer,Staff Engineer - iOS,CVS Health,https://d2q79iu7y748jz.cloudfront.net/s/_squarelogo/256x256/ef487bd4918a595f3e86081a6c389d41,Germany,"Richardson, TX","Software Development,R","$118,450 - $284,280 ",indeed.com
39,11-04-2024,Network engineer,"Staff Software Engineer, Payments (Flutter)",GoodLeap,https://d2q79iu7y748jz.cloudfront.net/s/_squarelogo/256x256/e815fe4923f5e049ae9049eb37938954,Germany,"Plano, TX",R,"$164,000 - $187,000 ",indeed.com
40,05-21-2024,Network engineer,React Native - iOS Lead,Photon,https://d2q79iu7y748jz.cloudfront.net/s/_squarelogo/256x256/4aa6cf8582dae94e91d8bf97770bbf32,Germany,"Dallas, TX","LAN,R",NA,indeed.com
41,12-03-2024,Network engineer,Sr. Mobile Developer,Indeed,NA,Germany,"Westlake, TX","LAN,R",NA,indeed.com
42,10-10-2024,Network engineer,Senior Android Developer - HYBRID,NTT Data Services,https://d2q79iu7y748jz.cloudfront.net/s/_squarelogo/256x256/c21b3eeff438cc3857affa797a3cb07a,Germany,"Dallas, TX","Software Development,R",NA,indeed.com
43,12-06-2024,Network engineer,iOS Consultant,Infosys,https://d2q79iu7y748jz.cloudfront.net/s/_squarelogo/256x256/3da3b97b6f16b9eaf7b736ff548625f2,Germany,"Richardson, TX","Software Development,R",NA,indeed.com
44,12-06-2024,Network engineer,Senior iOS Developer,Indeed,https://d2q79iu7y748jz.cloudfront.net/s/_squarelogo/256x256/d9e5a2328367c1d03dcf10489e4c44b7,Germany,"Plano, TX","Authorization,R",$60 - $75 an hour,indeed.com
45,11-18-2024,Network engineer,Mobile iOS Lead Architect,Nisum,https://d2q79iu7y748jz.cloudfront.net/s/_squarelogo/256x256/db5fb623ec6ad6a08c2c2a223566c689,Germany,"Plano, TX",R,"$145,000 - $150,000 ",indeed.com
46,12-01-2024,Network engineer,MuleSoft Developer,Everlight Solar,https://d2q79iu7y748jz.cloudfront.net/s/_squarelogo/256x256/91e48ea0416c3a1bf516cee26e117d1f,Germany,"Dallas, TX",R,"$60,000 - $100,000 ",indeed.com
47,12-03-2024,Network engineer,SDET - Mobile testing,Indeed,NA,Germany,"Westlake, TX","Authorization,R",NA,indeed.com
48,11-07-2024,Network engineer,Software Engineer III,Adswizz,https://d2q79iu7y748jz.cloudfront.net/s/_squarelogo/256x256/cf2db3d5a8e5a03bfc6f063414aa96fd,Germany,"Irving, TX","LAN,R",NA,indeed.com
49,10-25-2024,Network engineer,iOS Developer (Need Ex Walmart Employee)- Only USC or GC,Indeed,NA,Germany,"Lewisville, TX","Software Development,R","$100,000 - $105,000 ",indeed.com
50,09-13-2024,Network engineer,Senior Android Developer,Toyota,https://d2q79iu7y748jz.cloudfront.net/s/_squarelogo/256x256/97de3f6f34a096f60c8079158d77b790,Germany,"Plano, TX","Software Development,R",$80 - $85 an hour,indeed.com
51,12-10-2024,Network engineer,"Manager, Application Development",Select Medical,https://d2q79iu7y748jz.cloudfront.net/s/_squarelogo/256x256/56df5588b2006fee1bbf652a24d1ada2,Germany,"Addison, TX","Software Development,R",NA,indeed.com
52,11-08-2024,Network engineer,iOS App Developer,Indeed,NA,Germany,"Plano, TX","Authorization,R",NA,indeed.com
53,10-17-2024,Network engineer,Android Mobile Developer,Intone networks,https://d2q79iu7y748jz.cloudfront.net/s/_squarelogo/256x256/e49b869b922dbb240e92500077beef77,Germany,"Plano, TX","Software Development,R",NA,indeed.com
54,09-30-2024,Network engineer,Senior Mobile Engineer,Capgemini,https://d2q79iu7y748jz.cloudfront.net/s/_squarelogo/256x256/705e8467dd710fe59b83f3f0d13d2b16,Germany,"Plano, TX","LAN,R",$36.98 - $57.79 an hour,indeed.com
55,10-28-2024,Network engineer,Programmer/ Developer Lead - Sr. Android Developer,Capgemini,https://d2q79iu7y748jz.cloudfront.net/s/_squarelogo/256x256/705e8467dd710fe59b83f3f0d13d2b16,Germany,"Dallas, TX","LAN,R",NA,indeed.com
56,12-06-2024,Network engineer,Mobile Developer,Indeed,NA,Germany,"Dallas, TX",R,$50.45 - $59.37 an hour,indeed.com
57,11-01-2022,Network engineer,Software Developer,SDH Systems,NA,Germany,"Farmers Branch, TX","Software Development,R","$81,806 ",indeed.com
58,10-09-2024,Network engineer,Senior Backend Java Developer - Dallas Based (Hybrid),Zimperium,NA,Germany,"Dallas, TX","Software Development,R",NA,indeed.com
59,10-31-2024,Network engineer,"(TIBCO) Analyst II, Software Development",Select Medical,https://d2q79iu7y748jz.cloudfront.net/s/_squarelogo/256x256/56df5588b2006fee1bbf652a24d1ada2,Germany,"Addison, TX","LAN,R",NA,indeed.com
60,11-14-2024,Network engineer,iOS Developer,Indeed,NA,Germany,"Fort Worth, TX","Software Development,R",$70 - $80 an hour,indeed.com
61,05-04-2017,Network engineer,UI/Angular JS Developer (GC-USC),Sonsoft Inc,NA,Germany,"Richardson, TX","LAN,R",NA,indeed.com
62,12-21-2022,Network engineer,Devops Engineers,Nuanza,NA,Germany,"McKinney, TX",R,NA,indeed.com
63,08-01-2024,Network engineer,Senior Android Developer,TEK NINJAS,https://d2q79iu7y748jz.cloudfront.net/s/_squarelogo/256x256/f05f90301da28a2995493120b6dd0ff2,Germany,"Plano, TX","Software Development,R",NA,indeed.com
64,12-29-2023,Network engineer,Mid-Sr Level IOS Developer,Adidev Technologies Inc,NA,Germany,"Plano, TX",R,$30 - $40 an hour,indeed.com
65,05-03-2017,Network engineer,UI/ Developer Angular JS,Sonsoft Inc,NA,Germany,"Richardson, TX","LAN,R",NA,indeed.com
66,11-07-2024,Network engineer,Software Engineer III,Sirius XM,https://d2q79iu7y748jz.cloudfront.net/s/_squarelogo/256x256/30d86e1af25d4d37019fc63b435e4744,Germany,"Irving, TX","LAN,R",NA,indeed.com
67,10-08-2024,Network engineer,"Senior Software Engineer, Android",Capital One,https://d2q79iu7y748jz.cloudfront.net/s/_squarelogo/256x256/231e72fed9b08e7f098ab59080cc2dd6,Germany,"Plano, TX","Software Development,R",NA,indeed.com
68,10-16-2024,Network engineer,Mobile Full Stack Lead - (React Native + React),Photon,https://d2q79iu7y748jz.cloudfront.net/s/_squarelogo/256x256/4aa6cf8582dae94e91d8bf97770bbf32,Germany,"Dallas, TX","LAN,R",NA,indeed.com
69,08-23-2022,Network engineer,"Software Developer, .Net Web Applications",CEO Foundry,NA,Germany,"Plano, TX","LAN,R",NA,indeed.com
70,07-26-2023,Network engineer,"Sr. iOS Developer- Dallas, TX Hybrid",Five Pack Creative,NA,Germany,"Dallas, TX","MAN,Project Management,R","$100,000 - $150,000 ",indeed.com
71,12-05-2024,Network engineer,Senior Lead Full Stack Developer,Indeed,NA,Germany,"Dallas, TX","Software Development,R",NA,indeed.com
72,11-20-2024,Network engineer,Sr. Android Engineer,Apollo Technology Solutions LLC,NA,Germany,"Plano, TX","Software Development,R",NA,indeed.com
73,12-04-2024,Network engineer,React Native Developer,Infosys,https://d2q79iu7y748jz.cloudfront.net/s/_squarelogo/256x256/3da3b97b6f16b9eaf7b736ff548625f2,Germany,"Richardson, TX","Software Development,R","$73,000 - $102,200 ",indeed.com
74,11-25-2024,Network engineer,Software Engineering Manager,PepsiCo,https://d2q79iu7y748jz.cloudfront.net/s/_squarelogo/256x256/0fb965a11f33a21c3ef029f421a814cd,Germany,"Plano, TX","Software Development,R","$125,000 - $217,500 ",indeed.com
75,11-21-2024,Network engineer,Technology Lead,Infosys,https://d2q79iu7y748jz.cloudfront.net/s/_squarelogo/256x256/3da3b97b6f16b9eaf7b736ff548625f2,Germany,"Richardson, TX","LAN,R",NA,indeed.com
76,10-11-2024,Network engineer,IOS Mobile Application Developer,Adidev Technologies Inc,NA,Germany,"Plano, TX",R,$30 - $40 an hour,indeed.com
77,10-17-2024,Network engineer,Senior Mobile Engineer - Android,Toyota Tsusho Systems,NA,Germany,"Plano, TX","Software Development,R",$90 - $95 a day,indeed.com
78,09-05-2024,Network engineer,Share Point Developer,"Contact Government Services, LLC",https://d2q79iu7y748jz.cloudfront.net/s/_squarelogo/256x256/cf012d8eb60e397348957f44d74d570e,Germany,"Plano, TX","LAN,R","$108,714 - $147,541 ",indeed.com
79,07-26-2024,Network engineer,Sr. Mobile Software Engineering Manager,Care.com,https://d2q79iu7y748jz.cloudfront.net/s/_squarelogo/256x256/3b60a0a1c76864e9b9d826fa8a52d240,Germany,"Dallas, TX","LAN,R","$170,000 - $200,000 ",indeed.com
80,10-18-2024,Network engineer,Entry - Mid Level Mobile App Developer,Adidev Technologies Inc,NA,Germany,"Dallas, TX",R,$30 - $40 an hour,indeed.com
81,10-21-2024,Network engineer,Sr. Enterprise Architect,"Contact Government Services, LLC",https://d2q79iu7y748jz.cloudfront.net/s/_squarelogo/256x256/cf012d8eb60e397348957f44d74d570e,Germany,"Dallas, TX",R,"$162,240.00 - $234,346.67 ",indeed.com
82,10-12-2018,Network engineer,Unique UI/UX Designer and JavaScript Technical Developer,Crossroads Technologies,https://d2q79iu7y748jz.cloudfront.net/s/_squarelogo/256x256/c45d88bbaea5c37ebf0beab6c669c21a,Germany,"Dallas, TX",R,NA,indeed.com
83,08-30-2024,Network engineer,Enterprise Architect,"Contact Government Services, LLC",https://d2q79iu7y748jz.cloudfront.net/s/_squarelogo/256x256/cf012d8eb60e397348957f44d74d570e,Germany,"Dallas, TX",R,"$126,186.67 - $171,253.34 ",indeed.com
84,04-17-2019,Network engineer,Senior Application Developer – Python / Django / Angular,Crossroads Technologies,https://d2q79iu7y748jz.cloudfront.net/s/_squarelogo/256x256/c45d88bbaea5c37ebf0beab6c669c21a,Germany,"Dallas, TX",R,NA,indeed.com
85,11-22-2024,Network engineer,iOS and Android Mobile Application Developer (Entry - Mid),Adidev Technologies Inc,NA,Germany,"Irving, TX","LAN,R",$30 - $40 an hour,indeed.com
86,10-09-2024,Network engineer,Sr. Share Point Developer,"Contact Government Services, LLC",https://d2q79iu7y748jz.cloudfront.net/s/_squarelogo/256x256/cf012d8eb60e397348957f44d74d570e,Germany,"Dallas, TX","LAN,R","$139,776 - $201,898 ",indeed.com
87,04-17-2019,Network engineer,Front-End Web App Developer – Angular,Crossroads Technologies,https://d2q79iu7y748jz.cloudfront.net/s/_squarelogo/256x256/c45d88bbaea5c37ebf0beab6c669c21a,Germany,"Dallas, TX","MAN,Project Management,R",NA,indeed.com
88,11-22-2024,Network engineer,Mobile Application Developer,Adidev Technologies Inc,NA,Germany,"Plano, TX",R,$30 - $40 an hour,indeed.com
89,10-01-2024,Network engineer,Television Mobile App Developer Partner,Indeed,NA,Germany,"Dallas-Fort Worth, TX","Software Development,R",From $20 an hour,indeed.com
90,10-11-2024,Network engineer,React Native Mobile Developer,Adidev Technologies Inc,NA,Germany,"Plano, TX","LAN,R",$30 - $40 an hour,indeed.com
91,10-11-2024,Network engineer,React Native Mobile Developer,Adidev Technologies Inc,NA,Germany,"Plano, TX","LAN,R",$30 - $40 an hour,indeed.com
92,04-20-2023,Network engineer,"Software Engineer, Native Client",Rightnow Ministries International,NA,Germany,"McKinney, TX","LAN,R",NA,indeed.com
93,12-03-2021,Network engineer,Experienced Software Developer,VYNYL,NA,Germany,"Dallas, TX","Software Development,R",NA,indeed.com
94,11-04-2024,Network engineer,Dot Net Full Stack Developer,"Standard Motor Products, Inc.",NA,Germany,"Lewisville, TX",R,NA,indeed.com
95,11-04-2024,Network engineer,Sr. SDET Engineer,Indeed,NA,Germany,"Dallas, TX","Software Development,R",$60 - $75 an hour,indeed.com
96,12-06-2024,Network engineer,Sr. MAUI Developer - On Demand,Indeed,https://d2q79iu7y748jz.cloudfront.net/s/_squarelogo/256x256/dc5e5697a3e19463eb188253d20627df,Germany,"Irving, TX",R,"$20,000 - $40,000 ",indeed.com
97,12-05-2024,Network engineer,Development Manager,Tyler Technologies,https://d2q79iu7y748jz.cloudfront.net/s/_squarelogo/256x256/0ab4aded708ddde71411f9fabe0add22,Germany,"Plano, TX","Software Development,R",NA,indeed.com
98,10-21-2024,Network engineer,Staff Engineer - iOS,CVS Health,https://d2q79iu7y748jz.cloudfront.net/s/_squarelogo/256x256/ef487bd4918a595f3e86081a6c389d41,Germany,"Richardson, TX","Software Development,R","$118,450 - $284,280 ",indeed.com
99,12-03-2024,Network engineer,SDET - Mobile testing,Indeed,NA,Germany,"Westlake, TX","Authorization,R",NA,indeed.com
100,12-06-2024,Network engineer,iOS Consultant,Infosys,https://d2q79iu7y748jz.cloudfront.net/s/_squarelogo/256x256/3da3b97b6f16b9eaf7b736ff548625f2,Germany,"Richardson, TX","Software Development,R",NA,indeed.com
101,11-18-2024,Network engineer,Mobile iOS Lead Architect,Nisum,https://d2q79iu7y748jz.cloudfront.net/s/_squarelogo/256x256/db5fb623ec6ad6a08c2c2a223566c689,Germany,"Plano, TX",R,"$145,000 - $150,000 ",indeed.com
102,12-01-2024,Network engineer,MuleSoft Developer,Everlight Solar,https://d2q79iu7y748jz.cloudfront.net/s/_squarelogo/256x256/91e48ea0416c3a1bf516cee26e117d1f,Germany,"Dallas, TX",R,"$60,000 - $100,000 ",indeed.com
103,11-21-2024,Network engineer,Technology Lead,Infosys,https://d2q79iu7y748jz.cloudfront.net/s/_squarelogo/256x256/3da3b97b6f16b9eaf7b736ff548625f2,Germany,"Richardson, TX","LAN,R",NA,indeed.com
104,07-08-2020,Network engineer,SeniorReact Native Developer,Infosys,https://d2q79iu7y748jz.cloudfront.net/s/_squarelogo/256x256/3da3b97b6f16b9eaf7b736ff548625f2,Germany,"Richardson, TX","LAN,R",NA,indeed.com
105,11-19-2024,Network engineer,Senior UX Designer – Software,Geoforce,https://d2q79iu7y748jz.cloudfront.net/s/_squarelogo/256x256/cfefe9ef4d0f183333b12597d0a3084c,Germany,"Plano, TX",R,NA,indeed.com
106,07-07-2019,Network engineer,UX Development - Lead,Synthesis Systems,NA,Germany,"Dallas, TX","LAN,R",NA,indeed.com
107,10-12-2018,Network engineer,Unique UI/UX Designer and JavaScript Technical Developer,Crossroads Technologies,https://d2q79iu7y748jz.cloudfront.net/s/_squarelogo/256x256/c45d88bbaea5c37ebf0beab6c669c21a,Germany,"Dallas, TX",R,NA,indeed.com
108,10-21-2024,Network engineer,Sr. Enterprise Architect,"Contact Government Services, LLC",https://d2q79iu7y748jz.cloudfront.net/s/_squarelogo/256x256/cf012d8eb60e397348957f44d74d570e,Germany,"Dallas, TX",R,"$162,240.00 - $234,346.67 ",indeed.com
109,10-09-2024,Network engineer,Sr. Share Point Developer,"Contact Government Services, LLC",https://d2q79iu7y748jz.cloudfront.net/s/_squarelogo/256x256/cf012d8eb60e397348957f44d74d570e,Germany,"Dallas, TX","LAN,R","$139,776 - $201,898 ",indeed.com
110,08-30-2024,Network engineer,Enterprise Architect,"Contact Government Services, LLC",https://d2q79iu7y748jz.cloudfront.net/s/_squarelogo/256x256/cf012d8eb60e397348957f44d74d570e,Germany,"Dallas, TX",R,"$126,186.67 - $171,253.34 ",indeed.com
111,12-06-2024,Network engineer,Sr. MAUI Developer - On Demand,Indeed,https://d2q79iu7y748jz.cloudfront.net/s/_squarelogo/256x256/dc5e5697a3e19463eb188253d20627df,Germany,"Irving, TX",R,"$20,000 - $40,000 ",indeed.com
112,12-05-2024,Network engineer,Development Manager,Tyler Technologies,https://d2q79iu7y748jz.cloudfront.net/s/_squarelogo/256x256/0ab4aded708ddde71411f9fabe0add22,Germany,"Plano, TX","Software Development,R",NA,indeed.com
113,10-21-2024,Network engineer,Staff Engineer - iOS,CVS Health,https://d2q79iu7y748jz.cloudfront.net/s/_squarelogo/256x256/ef487bd4918a595f3e86081a6c389d41,Germany,"Richardson, TX","Software Development,R","$118,450 - $284,280 ",indeed.com
114,12-03-2024,Network engineer,SDET - Mobile testing,Indeed,NA,Germany,"Westlake, TX","Authorization,R",NA,indeed.com
115,12-06-2024,Network engineer,iOS Consultant,Infosys,https://d2q79iu7y748jz.cloudfront.net/s/_squarelogo/256x256/3da3b97b6f16b9eaf7b736ff548625f2,Germany,"Richardson, TX","Software Development,R",NA,indeed.com
116,11-18-2024,Network engineer,Mobile iOS Lead Architect,Nisum,https://d2q79iu7y748jz.cloudfront.net/s/_squarelogo/256x256/db5fb623ec6ad6a08c2c2a223566c689,Germany,"Plano, TX",R,"$145,000 - $150,000 ",indeed.com
117,12-01-2024,Network engineer,MuleSoft Developer,Everlight Solar,https://d2q79iu7y748jz.cloudfront.net/s/_squarelogo/256x256/91e48ea0416c3a1bf516cee26e117d1f,Germany,"Dallas, TX",R,"$60,000 - $100,000 ",indeed.com
118,11-21-2024,Network engineer,Technology Lead,Infosys,https://d2q79iu7y748jz.cloudfront.net/s/_squarelogo/256x256/3da3b97b6f16b9eaf7b736ff548625f2,Germany,"Richardson, TX","LAN,R",NA,indeed.com
119,07-08-2020,Network engineer,SeniorReact Native Developer,Infosys,https://d2q79iu7y748jz.cloudfront.net/s/_squarelogo/256x256/3da3b97b6f16b9eaf7b736ff548625f2,Germany,"Richardson, TX","LAN,R",NA,indeed.com
120,11-19-2024,Network engineer,Senior UX Designer – Software,Geoforce,https://d2q79iu7y748jz.cloudfront.net/s/_squarelogo/256x256/cfefe9ef4d0f183333b12597d0a3084c,Germany,"Plano, TX",R,NA,indeed.com
121,07-07-2019,Network engineer,UX Development - Lead,Synthesis Systems,NA,Germany,"Dallas, TX","LAN,R",NA,indeed.com
122,10-12-2018,Network engineer,Unique UI/UX Designer and JavaScript Technical Developer,Crossroads Technologies,https://d2q79iu7y748jz.cloudfront.net/s/_squarelogo/256x256/c45d88bbaea5c37ebf0beab6c669c21a,Germany,"Dallas, TX",R,NA,indeed.com
123,10-21-2024,Network engineer,Sr. Enterprise Architect,"Contact Government Services, LLC",https://d2q79iu7y748jz.cloudfront.net/s/_squarelogo/256x256/cf012d8eb60e397348957f44d74d570e,Germany,"Dallas, TX",R,"$162,240.00 - $234,346.67 ",indeed.com
124,10-09-2024,Network engineer,Sr. Share Point Developer,"Contact Government Services, LLC",https://d2q79iu7y748jz.cloudfront.net/s/_squarelogo/256x256/cf012d8eb60e397348957f44d74d570e,Germany,"Dallas, TX","LAN,R","$139,776 - $201,898 ",indeed.com
125,08-30-2024,Network engineer,Enterprise Architect,"Contact Government Services, LLC",https://d2q79iu7y748jz.cloudfront.net/s/_squarelogo/256x256/cf012d8eb60e397348957f44d74d570e,Germany,"Dallas, TX",R,"$126,186.67 - $171,253.34 ",indeed.com
126,10-11-2024,Network engineer,React Native Mobile Developer,Adidev Technologies Inc,NA,Germany,"Plano, TX","LAN,R",$30 - $40 an hour,indeed.com
127,04-20-2023,Network engineer,"Software Engineer, Native Client",Rightnow Ministries International,NA,Germany,"McKinney, TX","LAN,R",NA,indeed.com
128,12-03-2021,Network engineer,Experienced Software Developer,VYNYL,NA,Germany,"Dallas, TX","Software Development,R",NA,indeed.com
129,11-04-2024,Network engineer,Dot Net Full Stack Developer,"Standard Motor Products, Inc.",NA,Germany,"Lewisville, TX",R,NA,indeed.com
130,11-04-2024,Network engineer,Sr. SDET Engineer,Indeed,NA,Germany,"Dallas, TX","Software Development,R",$60 - $75 an hour,indeed.com
131,12-09-2024,Network engineer,DevSecOps Engineer,iSeatz,https://d2q79iu7y748jz.cloudfront.net/s/_squarelogo/256x256/18f9029ab1852bd3be74598b80554878,Germany,"Biltmore Lake, NC","Software Development,R","$114,000 - $163,000 ",indeed.com
132,08-09-2024,Network engineer,"Sr. Software Developer (.NET, C#, Angular)",Smart IMS,https://d2q79iu7y748jz.cloudfront.net/s/_squarelogo/256x256/5f644d0d0c1d5a746cce9fcae2f3b731,Germany,"Corning, NY",R,NA,indeed.com
133,12-21-2023,Network engineer,Solutions Architect,CAST Software Inc.,https://d2q79iu7y748jz.cloudfront.net/s/_squarelogo/256x256/a44702acdc1129c6b1606f026a2295fa,Germany,"Baltimore, NY","Software Development,R","$115,000 - $155,000 ",indeed.com
134,10-18-2024,Network engineer,Senior Front-End Web Developer,Minitab,https://d2q79iu7y748jz.cloudfront.net/s/_squarelogo/256x256/9df548381a39ac8cf0bcdd375e2e0ea4,Germany,"State College, PA",R,NA,indeed.com
135,11-19-2024,Network engineer,Remote Cloud Engineer,"Blue Mountain Quality Resources, LLC",NA,Germany,"State College, PA","LAN,R",NA,indeed.com
136,11-22-2024,Network engineer,Quality Engineer,"Blue Mountain Quality Resources, LLC",NA,Germany,"State College, PA",R,NA,indeed.com
137,11-22-2024,Network engineer,Software Engineer II,"Blue Mountain Quality Resources, LLC",NA,Germany,"State College, PA",R,NA,indeed.com
138,12-05-2024,Network engineer,Lead System Engineering,AT&amp;T,https://d2q79iu7y748jz.cloudfront.net/s/_squarelogo/256x256/786b557b652fed5a331aa11f7dabb17c,Germany,"Dallas, TX",R,"$143,800 - $215,800 ",indeed.com
139,01-28-2024,Network engineer,"Sitecore Developer, Programmer",Fults &amp; Associates,NA,Germany,"Dallas, TX","Software Development,R",NA,indeed.com
140,11-22-2024,Network engineer,Ruby on Rails Developer SSR,Inclusion Cloud,https://d2q79iu7y748jz.cloudfront.net/s/_squarelogo/256x256/481170ffa79cf51d852401e24e205b8e,Germany,"Dallas, TX","Gin,Data Engineering,R",NA,indeed.com
141,08-04-2020,Network engineer,API ENGINEER,Lead Liaison,NA,Germany,"Dallas, TX","Software Development,R",NA,indeed.com
142,06-10-2022,Network engineer,API Engineer,Palni,NA,Germany,"McKinney, TX",R,NA,indeed.com
143,12-10-2024,Network engineer,Performance Engineer,Virtusa,https://d2q79iu7y748jz.cloudfront.net/s/_squarelogo/256x256/e84ecd092bb1b6cc1b1585d0caabae23,Germany,"Dallas, TX","LAN,R",NA,indeed.com
144,05-15-2024,Network engineer,Apigee Admin,Photon,https://d2q79iu7y748jz.cloudfront.net/s/_squarelogo/256x256/4aa6cf8582dae94e91d8bf97770bbf32,Germany,"Plano, TX",R,NA,indeed.com
145,03-28-2024,Network engineer,Technical Architect | Onsite,Photon,https://d2q79iu7y748jz.cloudfront.net/s/_squarelogo/256x256/4aa6cf8582dae94e91d8bf97770bbf32,Germany,"Dallas, TX","LAN,R",NA,indeed.com
146,03-07-2024,Network engineer,APIGee Sr Developer | TX,Photon,https://d2q79iu7y748jz.cloudfront.net/s/_squarelogo/256x256/4aa6cf8582dae94e91d8bf97770bbf32,Germany,"Dallas, TX","LAN,R",NA,indeed.com
147,11-22-2024,Network engineer,SAP Fiori/ABAP Developer,Inclusion Cloud,https://d2q79iu7y748jz.cloudfront.net/s/_squarelogo/256x256/481170ffa79cf51d852401e24e205b8e,Germany,"Dallas, TX","Analytics,Gin,MAN,Data Management,Data Engineering,R",NA,indeed.com
148,11-22-2024,Network engineer,Python Backend Full-Stack Senior Architect / Developer,Inclusion Cloud,https://d2q79iu7y748jz.cloudfront.net/s/_squarelogo/256x256/481170ffa79cf51d852401e24e205b8e,Germany,"Dallas, TX",R,NA,indeed.com
149,08-06-2024,Network engineer,Senior .NET Developer,Nuvem,NA,Germany,"Plano, TX","Gin,Data Engineering,R","$100,000 - $140,000 ",indeed.com
150,11-06-2024,Network engineer,Applications Development Senior Programmer Analyst,Citi,https://d2q79iu7y748jz.cloudfront.net/s/_squarelogo/256x256/3a65f2fd9d93f6c880484c373f0b34da,Germany,"Irving, TX",R,"$142,562 - $151,727 ",indeed.com
151,11-22-2024,Network engineer,Summit Developer,Inclusion Cloud,https://d2q79iu7y748jz.cloudfront.net/s/_squarelogo/256x256/481170ffa79cf51d852401e24e205b8e,Germany,"Dallas, TX","Software Development,R",NA,indeed.com
152,11-21-2024,Network engineer,CPQ Technical Consultant,Accenture,https://d2q79iu7y748jz.cloudfront.net/s/_squarelogo/256x256/e1bd47363c07b64a9578dbf71edbf4e4,Germany,"Irving, TX","LAN,R",NA,indeed.com
153,11-06-2024,Network engineer,Applications Development Senior Programmer Analyst,Citi,https://d2q79iu7y748jz.cloudfront.net/s/_squarelogo/256x256/3a65f2fd9d93f6c880484c373f0b34da,Germany,"Irving, TX",R,"$142,562 - $151,727 ",indeed.com
154,12-03-2024,Network engineer,"Manager, AI/ML",T-Mobile,https://d2q79iu7y748jz.cloudfront.net/s/_squarelogo/256x256/91e8897f5c9b44217c8d1880e261c5c7,Germany,"Frisco, TX","LAN,R","$155,300 - $280,100 ",indeed.com
155,12-03-2024,Network engineer,API Developer,CAPCO,https://d2q79iu7y748jz.cloudfront.net/s/_squarelogo/256x256/78a5017720621256c93ec86ff5ef970c,Germany,"Dallas, TX",R,NA,indeed.com
156,11-27-2024,Network engineer,Sr. Java Developer,Cognizant,https://d2q79iu7y748jz.cloudfront.net/s/_squarelogo/256x256/ad8bfb9614127a4e501b8734b35b7855,Germany,"Plano, TX","Software Development,R",NA,indeed.com
157,10-18-2024,Network engineer,Sr. ABAP Developer Technical Lead SAP Full Stack Developer,Baer Group,https://d2q79iu7y748jz.cloudfront.net/s/_squarelogo/256x256/b253663630672b5d8b788e48372d9994,Germany,"Dallas, TX","Software Development,R",NA,indeed.com
158,09-03-2024,Network engineer,IOT Edge Platform Engineer,Hitachi Digital Services,https://d2q79iu7y748jz.cloudfront.net/s/_squarelogo/256x256/bf341f066bdf4dfca21c985ee4d811f6,Germany,"Dallas, TX",R,NA,indeed.com
159,02-23-2024,Network engineer,"Mobile Lead- Dallas, TX",Photon,https://d2q79iu7y748jz.cloudfront.net/s/_squarelogo/256x256/4aa6cf8582dae94e91d8bf97770bbf32,Germany,"Dallas, TX","LAN,R",NA,indeed.com
160,06-16-2023,Network engineer,Lead Business Analyst - ETRM Systems,Energy Transfer Family of Partnerships,https://d2q79iu7y748jz.cloudfront.net/s/_squarelogo/256x256/eba3aa323832251f90a70b9fb4de89af,Germany,"Dallas, TX","Gin,Data Engineering,R",NA,indeed.com
161,11-27-2024,Network engineer,Workfront Developer,Cognizant,https://d2q79iu7y748jz.cloudfront.net/s/_squarelogo/256x256/ad8bfb9614127a4e501b8734b35b7855,Germany,"Irving, TX","Software Development,R","$120,000 - $135,000 ",indeed.com
162,12-05-2024,Network engineer,Senior Software Engineer,Accenture,https://d2q79iu7y748jz.cloudfront.net/s/_squarelogo/256x256/e1bd47363c07b64a9578dbf71edbf4e4,Germany,"Irving, TX","Software Development,R",NA,indeed.com
163,04-01-2022,Network engineer,Application developer .NET,Pixentia,NA,Germany,"Irving, TX","LAN,R",NA,indeed.com
164,08-29-2024,Network engineer,Lead Server Engineer - TG,Topgolf Callaway Brands Corp.,https://d2q79iu7y748jz.cloudfront.net/s/_squarelogo/256x256/dda8ea0c8e2f157ecc745e6b0caf2211,Germany,"Dallas, TX","LAN,R",NA,indeed.com
165,10-29-2024,Network engineer,Senior Product Software Engineer | C# | API | containerization,Wolters Kluwer,https://d2q79iu7y748jz.cloudfront.net/s/_squarelogo/256x256/0e686c67da1bd46cee95a528fd1cb51e,Germany,"Coppell, TX","Software Development,R",NA,indeed.com
166,09-17-2024,Network engineer,Principal Enterprise Architect,"Vizient, Inc.",https://d2q79iu7y748jz.cloudfront.net/s/_squarelogo/256x256/b18d377806e5f643bf128d6df905caa6,Germany,"Irving, TX",R,"$156,500 - $273,700 ",indeed.com
167,01-10-2024,Network engineer,Senior Level AS400 RPG Programmer / Analyst- $100-110K,Fults &amp; Associates,NA,Germany,"Carrollton, TX","Software Development,R",NA,indeed.com
168,09-03-2024,Network engineer,IOT Edge Platform Engineer,Hitachi Digital Services,https://d2q79iu7y748jz.cloudfront.net/s/_squarelogo/256x256/bf341f066bdf4dfca21c985ee4d811f6,Germany,"Dallas, TX",R,NA,indeed.com
169,12-03-2024,Network engineer,"Manager, AI/ML",T-Mobile,https://d2q79iu7y748jz.cloudfront.net/s/_squarelogo/256x256/91e8897f5c9b44217c8d1880e261c5c7,Germany,"Frisco, TX","LAN,R","$155,300 - $280,100 ",indeed.com
170,01-10-2024,Network engineer,Senior Level AS400 RPG Programmer / Analyst- $100-110K,Fults &amp; Associates,NA,Germany,"Carrollton, TX","Software Development,R",NA,indeed.com
171,08-29-2024,Network engineer,Lead Server Engineer - TG,Topgolf Callaway Brands Corp.,https://d2q79iu7y748jz.cloudfront.net/s/_squarelogo/256x256/dda8ea0c8e2f157ecc745e6b0caf2211,Germany,"Dallas, TX","LAN,R",NA,indeed.com
172,10-29-2024,Network engineer,Senior Product Software Engineer | C# | API | containerization,Wolters Kluwer,https://d2q79iu7y748jz.cloudfront.net/s/_squarelogo/256x256/0e686c67da1bd46cee95a528fd1cb51e,Germany,"Coppell, TX","Software Development,R",NA,indeed.com
173,11-06-2024,Network engineer,Applications Development Senior Programmer Analyst,Citi,https://d2q79iu7y748jz.cloudfront.net/s/_squarelogo/256x256/3a65f2fd9d93f6c880484c373f0b34da,Germany,"Irving, TX",R,"$142,562 - $151,727 ",indeed.com
174,11-27-2024,Network engineer,Workfront Developer,Cognizant,https://d2q79iu7y748jz.cloudfront.net/s/_squarelogo/256x256/ad8bfb9614127a4e501b8734b35b7855,Germany,"Irving, TX","Software Development,R","$120,000 - $135,000 ",indeed.com
175,12-03-2024,Network engineer,API Developer,CAPCO,https://d2q79iu7y748jz.cloudfront.net/s/_squarelogo/256x256/78a5017720621256c93ec86ff5ef970c,Germany,"Dallas, TX",R,NA,indeed.com
176,06-16-2023,Network engineer,Lead Business Analyst - ETRM Systems,Energy Transfer Family of Partnerships,https://d2q79iu7y748jz.cloudfront.net/s/_squarelogo/256x256/eba3aa323832251f90a70b9fb4de89af,Germany,"Dallas, TX","Gin,Data Engineering,R",NA,indeed.com
177,11-27-2024,Network engineer,Sr. Java Developer,Cognizant,https://d2q79iu7y748jz.cloudfront.net/s/_squarelogo/256x256/ad8bfb9614127a4e501b8734b35b7855,Germany,"Plano, TX","Software Development,R",NA,indeed.com
178,10-18-2024,Network engineer,Sr. ABAP Developer Technical Lead SAP Full Stack Developer,Baer Group,https://d2q79iu7y748jz.cloudfront.net/s/_squarelogo/256x256/b253663630672b5d8b788e48372d9994,Germany,"Dallas, TX","Software Development,R",NA,indeed.com
179,04-01-2022,Network engineer,Application developer .NET,Pixentia,NA,Germany,"Irving, TX","LAN,R",NA,indeed.com
180,12-05-2024,Network engineer,Senior Software Engineer,Accenture,https://d2q79iu7y748jz.cloudfront.net/s/_squarelogo/256x256/e1bd47363c07b64a9578dbf71edbf4e4,Germany,"Irving, TX","Software Development,R",NA,indeed.com
181,02-23-2024,Network engineer,"Mobile Lead- Dallas, TX",Photon,https://d2q79iu7y748jz.cloudfront.net/s/_squarelogo/256x256/4aa6cf8582dae94e91d8bf97770bbf32,Germany,"Dallas, TX","LAN,R",NA,indeed.com
182,12-06-2024,Network engineer,C#.NET WITH ANGULAR SENIOR DEVELOPER,Intone networks,https://d2q79iu7y748jz.cloudfront.net/s/_squarelogo/256x256/e49b869b922dbb240e92500077beef77,Germany,"Coppell, TX","LAN,R",NA,indeed.com
183,10-22-2024,Network engineer,Mobile Full Stack Lead - (React Native + React),Photon,https://d2q79iu7y748jz.cloudfront.net/s/_squarelogo/256x256/4aa6cf8582dae94e91d8bf97770bbf32,Germany,"Dallas, TX",R,NA,indeed.com
184,12-10-2024,Network engineer,C# .Net Developer,zenith services,NA,Germany,"Dallas, TX","Software Development,R",NA,indeed.com
185,09-17-2024,Network engineer,Principal Enterprise Architect,"Vizient, Inc.",https://d2q79iu7y748jz.cloudfront.net/s/_squarelogo/256x256/b18d377806e5f643bf128d6df905caa6,Germany,"Irving, TX",R,"$156,500 - $273,700 ",indeed.com
186,06-25-2024,Network engineer,APIGee Developer | TX,Photon,https://d2q79iu7y748jz.cloudfront.net/s/_squarelogo/256x256/4aa6cf8582dae94e91d8bf97770bbf32,Germany,"Dallas, TX","LAN,R",NA,indeed.com
187,12-05-2024,Network engineer,.NET Team Lead - Big Data,Nuvem,NA,Germany,"Plano, TX","LAN,R","$145,000 - $175,000 ",indeed.com
188,01-09-2024,Network engineer,Full Stack Engineer (80% on UI and 20% API/backend),Fidelity TalentSource,https://d2q79iu7y748jz.cloudfront.net/s/_squarelogo/256x256/4630577b0160aeea641e462095dbed8d,Germany,"Westlake, TX","LAN,R",NA,indeed.com
189,11-22-2024,Network engineer,Full-Stack Engineer,Inclusion Cloud,https://d2q79iu7y748jz.cloudfront.net/s/_squarelogo/256x256/481170ffa79cf51d852401e24e205b8e,Germany,"Dallas, TX","LAN,R",NA,indeed.com
190,07-21-2020,Network engineer,Salesforce Developer,Palni,NA,Germany,"McKinney, TX","Software Development,R",NA,indeed.com
191,10-30-2024,Network engineer,iOS Developer,CEDENT,NA,Germany,"Dallas, TX","Software Development,R",NA,indeed.com
192,07-09-2024,Network engineer,OS Development Engineer,"VIZIO, Inc.",https://d2q79iu7y748jz.cloudfront.net/s/_squarelogo/256x256/bad701e0d08edb1815ec31b42fab68a7,Germany,"Dallas, TX","Software Development,R",NA,indeed.com
193,12-08-2024,Network engineer,"Cloud Engineer (AWS, Java OR Spark, CI/CD)",Fidelity TalentSource,https://d2q79iu7y748jz.cloudfront.net/s/_squarelogo/256x256/4630577b0160aeea641e462095dbed8d,Germany,"Westlake, TX",R,NA,indeed.com
194,11-20-2024,Network engineer,"Sr Manager, Data and Analytics Lead",Digital Realty,https://d2q79iu7y748jz.cloudfront.net/s/_squarelogo/256x256/2713871cba9a906e3c0df296ab31bdbb,Germany,"Dallas, TX","ORM,R",NA,indeed.com
195,09-20-2024,Network engineer,"Product Lead, TA Systems",Gartner,https://d2q79iu7y748jz.cloudfront.net/s/_squarelogo/256x256/09d3729ae8085a881e068e34a310dc27,Germany,"Irving, TX","MAN,R","$92,000 - $130,500 ",indeed.com
196,11-07-2024,Network engineer,Application Programmer (.Net/Python),RisamSoft,NA,Germany,"Irving, TX",R,NA,indeed.com
197,06-12-2023,Network engineer,"Software Developer | C#, Java",EZ4 Technologies,NA,Germany,"Plano, TX",R,NA,indeed.com
198,11-22-2024,Network engineer,Full-Stack Engineer (Focus on Back-End),Inclusion Cloud,https://d2q79iu7y748jz.cloudfront.net/s/_squarelogo/256x256/481170ffa79cf51d852401e24e205b8e,Germany,"Dallas, TX",R,NA,indeed.com
199,07-26-2021,Network engineer,Senior Software Development Engineer (.NET),"Mentalix, Inc.",https://d2q79iu7y748jz.cloudfront.net/s/_squarelogo/256x256/b5bdad42081b2be4408447cd37ad54b5,Germany,"Dallas, TX","LAN,R","$70,000 - $90,000 ",indeed.com
200,10-31-2024,Network engineer,Sr. Software Engineer (Dallas),JSX,https://d2q79iu7y748jz.cloudfront.net/s/_squarelogo/256x256/5ee40dbabde606f056ef9660c8985112,Germany,"Dallas, TX","Software Development,R","$120,000 - $130,000 ",indeed.com
201,11-18-2024,Network engineer,Experienced Software Engineer Java / Python (Full Stack or Back End),JPMorgan Chase,https://d2q79iu7y748jz.cloudfront.net/s/_squarelogo/256x256/62e186e96c7550325814ef6880fae379,Germany,"Plano, TX","LAN,R",NA,indeed.com
202,06-14-2024,Network engineer,Sr. Angular Developer,Photon,https://d2q79iu7y748jz.cloudfront.net/s/_squarelogo/256x256/4aa6cf8582dae94e91d8bf97770bbf32,Germany,"Irving, TX","LAN,R",NA,indeed.com
203,12-05-2024,Network engineer,Java Developer,Deloitte,https://d2q79iu7y748jz.cloudfront.net/s/_squarelogo/256x256/b245a75ba4a28df29f8f1551ac296deb,Germany,"Dallas, TX","LAN,R","$76,725 - $127,875 ",indeed.com
204,12-06-2024,Network engineer,Jr. .NET Developer,Liberty Software,https://d2q79iu7y748jz.cloudfront.net/s/_squarelogo/256x256/e0eabe78ffc085c7afa7c1bef605a127,Germany,"Grapevine, TX","LAN,R",NA,indeed.com
205,11-22-2024,Network engineer,"Back End .NET Developer (C#, VB.NET, Visual Studio, SQL databases)",Inclusion Cloud,https://d2q79iu7y748jz.cloudfront.net/s/_squarelogo/256x256/481170ffa79cf51d852401e24e205b8e,Germany,"Dallas, TX","LAN,R",NA,indeed.com
206,12-05-2024,Network engineer,Java Developer,Deloitte,https://d2q79iu7y748jz.cloudfront.net/s/_squarelogo/256x256/b245a75ba4a28df29f8f1551ac296deb,Germany,"Dallas, TX","LAN,R","$76,725 - $127,875 ",indeed.com
207,11-05-2024,Network engineer,"Manager, Advisory Data Organization Reporting &amp; Impact Measurement Lead",KPMG,https://d2q79iu7y748jz.cloudfront.net/s/_squarelogo/256x256/dd15e348655668335109be33677955ea,Germany,"Dallas, TX","LAN,R",NA,indeed.com
208,11-18-2024,Network engineer,Lead Java Engineer (Kafka) - Hybrid,Cognizant,https://d2q79iu7y748jz.cloudfront.net/s/_squarelogo/256x256/ad8bfb9614127a4e501b8734b35b7855,Germany,"Dallas, TX",R,NA,indeed.com
209,07-31-2023,Network engineer,.NET Developer,Augur IT,NA,Germany,"Dallas-Fort Worth, TX","LAN,R",NA,indeed.com
210,11-25-2022,Network engineer,.Net Software Engineer,Unigo,NA,Germany,"Irving, TX","LAN,R",NA,indeed.com
211,10-03-2024,Network engineer,Senior Software Engineer Big Data Tooling &amp; API Development,Wells Fargo,https://d2q79iu7y748jz.cloudfront.net/s/_squarelogo/256x256/2ced2b321a964f69975fedbffe05c4bb,Germany,"Dallas, TX","Software Development,R",NA,indeed.com
212,12-03-2024,Network engineer,Onsite Dallas TX. Senior Developer Vue.js and Express Project.,Indeed,NA,Germany,"Dallas-Fort Worth, TX","Software Development,R","$11,000 - $148,693 ",indeed.com
213,11-18-2024,Network engineer,Senior Infrastructure IAC Engineer (Onsite),Raytheon,https://d2q79iu7y748jz.cloudfront.net/s/_squarelogo/256x256/9d37779ba08862de15d9853b90c89b0c,Germany,"Richardson, TX",R,"$77,000 - $163,000 ",indeed.com
214,11-18-2024,Network engineer,Software Backend Engineer,Broadcom,https://d2q79iu7y748jz.cloudfront.net/s/_squarelogo/256x256/44370cc8dcf5464d4edeaab3a0b9fce5,Germany,"Plano, TX","LAN,R","$107,000 - $171,000 ",indeed.com
215,06-12-2023,Network engineer,"Software Developer | C#, .NET",EZ4 Technologies,NA,Germany,"Plano, TX",R,NA,indeed.com
216,07-28-2022,Network engineer,Senior .Net Full Stack Developer - Plano,AmplifAI Solutions,NA,Germany,"Plano, TX",R,NA,indeed.com
217,11-18-2024,Network engineer,Software Backend Engineer,Broadcom,https://d2q79iu7y748jz.cloudfront.net/s/_squarelogo/256x256/44370cc8dcf5464d4edeaab3a0b9fce5,Germany,"Plano, TX","LAN,R","$107,000 - $171,000 ",indeed.com
218,11-22-2024,Network engineer,.NET Fullstack Developer with Angular,Inclusion Cloud,https://d2q79iu7y748jz.cloudfront.net/s/_squarelogo/256x256/481170ffa79cf51d852401e24e205b8e,Germany,"Dallas, TX",R,NA,indeed.com
219,09-25-2019,Network engineer,Web Project Manager,Digital Success,NA,Germany,"Plano, TX","Software Development,R",NA,indeed.com
220,05-21-2024,Network engineer,React Native - iOS Lead,Photon,https://d2q79iu7y748jz.cloudfront.net/s/_squarelogo/256x256/4aa6cf8582dae94e91d8bf97770bbf32,Germany,"Dallas, TX","LAN,R",NA,indeed.com
221,02-23-2021,Network engineer,"Technical Lead .Net - C68558 5.2 Dallas, TX",CapB InfoteK,NA,Germany,"Dallas, TX","Software Development,R",NA,indeed.com
222,09-12-2024,Network engineer,Senior Software Engineer,Photon,https://d2q79iu7y748jz.cloudfront.net/s/_squarelogo/256x256/4aa6cf8582dae94e91d8bf97770bbf32,Germany,"Dallas, TX","LAN,R",NA,indeed.com
223,12-05-2024,Network engineer,Golang Developer,Indeed,NA,Germany,"Plano, TX","LAN,R",$80 - $90 an hour,indeed.com
224,06-07-2022,Network engineer,Position: .Net Developer (Microsoft .Net Developer),Winsteer Technology,NA,Germany,"Irving, TX","LAN,R",NA,indeed.com
225,11-12-2024,Network engineer,SOFTWARE DEVELOPER FULL STACK - REMOTE,Palco,NA,Germany,"Buckhannon, WV",R,NA,indeed.com
226,10-18-2024,Network engineer,Web Manager,Indeed,NA,Germany,"Albany, OH","Software Development,R",$20.07 - $21.68 an hour,indeed.com
227,07-11-2024,Network engineer,Frontend Software Engineer,Harness,https://d2q79iu7y748jz.cloudfront.net/s/_squarelogo/256x256/0e786fb12855b0d53cc63b6c0600ca9d,Germany,Remote,"LAN,R",NA,indeed.com
228,10-30-2024,Network engineer,Front End Web Developer,Indeed,NA,Germany,"San Antonio, TX","Authorization,R","From $40,000 ",indeed.com
229,09-28-2024,Network engineer,Front End Developer,Indeed,NA,Germany,Remote,"Software Development,R","$70,000 - $90,000 ",indeed.com
230,10-29-2024,Network engineer,React JS Developer,Indeed,NA,Germany,"Plano, TX","LAN,R",$50 an hour,indeed.com
231,10-11-2024,Network engineer,Front End Developer,Indeed,https://d2q79iu7y748jz.cloudfront.net/s/_squarelogo/256x256/8e631c6a075442ed48ad5eeebe117532,Germany,Remote,R,"$125,000 - $150,000 ",indeed.com
232,11-16-2023,Network engineer,UI Designer,"Contact Government Services, LLC",https://d2q79iu7y748jz.cloudfront.net/s/_squarelogo/256x256/cf012d8eb60e397348957f44d74d570e,Germany,"Anniston, AL","Software Development,R","$67,946.67 - $87,360.00 ",indeed.com
233,09-05-2024,Network engineer,Share Point Developer,"Contact Government Services, LLC",https://d2q79iu7y748jz.cloudfront.net/s/_squarelogo/256x256/cf012d8eb60e397348957f44d74d570e,Germany,"Anniston, AL","LAN,R","$108,714.67 - $139,776.00 ",indeed.com
234,07-23-2024,Network engineer,Drupal Developer,"Contact Government Services, LLC",https://d2q79iu7y748jz.cloudfront.net/s/_squarelogo/256x256/cf012d8eb60e397348957f44d74d570e,Germany,"Anniston, AL","LAN,R","$109,685.33 - $148,858.66 ",indeed.com
235,10-09-2024,Network engineer,Sr. Share Point Developer,"Contact Government Services, LLC",https://d2q79iu7y748jz.cloudfront.net/s/_squarelogo/256x256/cf012d8eb60e397348957f44d74d570e,Germany,"Anniston, AL","LAN,R","$139,776 - $201,898 ",indeed.com
236,08-14-2024,Network engineer,Java Developer,"Contact Government Services, LLC",https://d2q79iu7y748jz.cloudfront.net/s/_squarelogo/256x256/cf012d8eb60e397348957f44d74d570e,Germany,"Anniston, AL","LAN,R","$111,626.67 - $151,493.34 ",indeed.com
237,09-03-2024,Network engineer,Full Stack Developer,"Contact Government Services, LLC",https://d2q79iu7y748jz.cloudfront.net/s/_squarelogo/256x256/cf012d8eb60e397348957f44d74d570e,Germany,"Anniston, AL",R,"$134,437.33 - $182,450.66 ",indeed.com
238,10-25-2024,Network engineer,Sr. Java Developer,"Contact Government Services, LLC",https://d2q79iu7y748jz.cloudfront.net/s/_squarelogo/256x256/cf012d8eb60e397348957f44d74d570e,Germany,"Anniston, AL","LAN,R","$143,520.00 - $207,306.67 ",indeed.com
239,08-30-2024,Network engineer,Product Designer,iSeatz,https://d2q79iu7y748jz.cloudfront.net/s/_squarelogo/256x256/18f9029ab1852bd3be74598b80554878,Germany,"Biltmore Lake, NC",R,"$98,000 - $135,000 ",indeed.com
240,12-04-2024,Network engineer,AI Programmer,Penn State University,https://d2q79iu7y748jz.cloudfront.net/s/_squarelogo/256x256/2edc7ed51e3e0b6b1d4f521560014020,Germany,"University Park, PA","LAN,R",NA,indeed.com
241,03-08-2022,Network engineer,Part Time Engineering Undergraduate Researcher Yanxi Liu Group,Penn State University,https://d2q79iu7y748jz.cloudfront.net/s/_squarelogo/256x256/2edc7ed51e3e0b6b1d4f521560014020,Germany,"University Park, PA",NA,NA,indeed.com
242,03-22-2022,Network engineer,Part-Time - Research Assistant - Engineering,Penn State University,https://d2q79iu7y748jz.cloudfront.net/s/_squarelogo/256x256/2edc7ed51e3e0b6b1d4f521560014020,Germany,"University Park, PA",R,NA,indeed.com
243,09-25-2024,Network engineer,Operations Graduate Program 2025: Automation and Electrical Controls Engineer,Volvo Group,https://d2q79iu7y748jz.cloudfront.net/s/_squarelogo/256x256/898ffda48a2a91581ddf42a79d2fcbfc,Germany,"Shippensburg, PA","Gin,R",NA,indeed.com
244,06-17-2024,Network engineer,Part-Time AI Research Support- IST,Penn State University,https://d2q79iu7y748jz.cloudfront.net/s/_squarelogo/256x256/2edc7ed51e3e0b6b1d4f521560014020,Germany,"University Park, PA","Software Development,R",NA,indeed.com
245,11-22-2024,Network engineer,Principal AI Scientist,Altamira Technologies Corp.,https://d2q79iu7y748jz.cloudfront.net/s/_squarelogo/256x256/44b70612113b3eff8167b5c1ac58724c,Germany,"State College, PA",R,NA,indeed.com
246,08-27-2024,Network engineer,Research Assistant in FAIR Lab (Prof. Hadi Hosseini),Penn State University,https://d2q79iu7y748jz.cloudfront.net/s/_squarelogo/256x256/2edc7ed51e3e0b6b1d4f521560014020,Germany,"University Park, PA",R,NA,indeed.com
247,11-08-2023,Network engineer,Full-Time Software Engineer,RTD Embedded Technologies,NA,Germany,"State College, PA","LAN,R",NA,indeed.com
248,12-13-2022,Network engineer,Software and Embedded Coding Engineer,Penn State University,https://d2q79iu7y748jz.cloudfront.net/s/_squarelogo/256x256/2edc7ed51e3e0b6b1d4f521560014020,Germany,"University Park, PA","LAN,R","$76,700 - $164,000 ",indeed.com
249,01-24-2024,Network engineer,Artificial Intelligence / Machine Learning Research and Development Engineer,Penn State University,https://d2q79iu7y748jz.cloudfront.net/s/_squarelogo/256x256/2edc7ed51e3e0b6b1d4f521560014020,Germany,"University Park, PA",R,"$109,300 - $191,000 ",indeed.com
250,10-14-2024,Network engineer,Data Scientist,Penn State University,https://d2q79iu7y748jz.cloudfront.net/s/_squarelogo/256x256/2edc7ed51e3e0b6b1d4f521560014020,Germany,"University Park, PA","Gin,R","$61,800 - $89,600 ",indeed.com
251,11-07-2024,Network engineer,RISE Bioinformatics Engineer,Penn State University,https://d2q79iu7y748jz.cloudfront.net/s/_squarelogo/256x256/2edc7ed51e3e0b6b1d4f521560014020,Germany,"University Park, PA",R,"$76,700 - $145,700 ",indeed.com
252,07-26-2023,Network engineer,Python Engineer (Top Secret Clearance),Better Talent Advisors,NA,Germany,"Carlisle Barracks, PA","Go,R","$130,000 - $300,000 ",indeed.com
253,06-13-2024,Network engineer,"Vice President, Engineering",Carlisle Companies,https://d2q79iu7y748jz.cloudfront.net/s/_squarelogo/256x256/a20a11a533fd6adce7a4ba425723f221,Germany,"Carlisle, PA",R,NA,indeed.com
254,11-04-2024,Network engineer,Software Research and Development Engineer,Penn State University,https://d2q79iu7y748jz.cloudfront.net/s/_squarelogo/256x256/2edc7ed51e3e0b6b1d4f521560014020,Germany,"University Park, PA","LAN,R","$76,700 - $115,100 ",indeed.com
255,01-19-2024,Network engineer,Data Engineer,Penn State University,https://d2q79iu7y748jz.cloudfront.net/s/_squarelogo/256x256/2edc7ed51e3e0b6b1d4f521560014020,Germany,"University Park, PA","Gin,Data Engineering,R","$86,300 - $164,000 ",indeed.com
256,11-19-2024,Network engineer,Remote Cloud Engineer,"Blue Mountain Quality Resources, LLC",NA,Germany,"State College, PA","LAN,R",NA,indeed.com
257,01-19-2024,Network engineer,Data Engineer,Penn State University,https://d2q79iu7y748jz.cloudfront.net/s/_squarelogo/256x256/2edc7ed51e3e0b6b1d4f521560014020,Germany,"University Park, PA","Gin,Data Engineering,R","$86,300 - $164,000 ",indeed.com
258,11-19-2024,Network engineer,Remote Cloud Engineer,"Blue Mountain Quality Resources, LLC",NA,Germany,"State College, PA","LAN,R",NA,indeed.com
259,11-20-2024,Network engineer,Senior AI Solutions Engineer,"Vizient, Inc.",https://d2q79iu7y748jz.cloudfront.net/s/_squarelogo/256x256/b18d377806e5f643bf128d6df905caa6,Germany,"Irving, TX","LAN,R","$102,400 - $168,800 ",indeed.com
260,01-15-2024,Network engineer,Control Systems Engineer,Brock Solutions,https://d2q79iu7y748jz.cloudfront.net/s/_squarelogo/256x256/d3c1e5d672c603266952111ac0162fcd,Germany,"Dallas, TX",R,NA,indeed.com
261,12-03-2024,Network engineer,Control Systems Engineer - HROC,Heidelberg Materials,https://d2q79iu7y748jz.cloudfront.net/s/_squarelogo/256x256/f6720b18997c53a0b529113f4aca38ee,Germany,"Irving, TX",R,"$102,300 - $136,403 ",indeed.com
262,09-05-2024,Network engineer,IT Analytics Engineer,CoreLogic,NA,Germany,"Dallas, TX",R,NA,indeed.com
263,11-13-2024,Network engineer,"Software Engineer, AI Engine / HPC",Topaz Labs,https://d2q79iu7y748jz.cloudfront.net/s/_squarelogo/256x256/8c8d77d3faa52a3142248766906940c9,Germany,"Dallas, TX","Software Development,R","$110,000 - $150,000 ",indeed.com
264,11-01-2024,Network engineer,Computer Vision Engineer,Topaz Labs,https://d2q79iu7y748jz.cloudfront.net/s/_squarelogo/256x256/8c8d77d3faa52a3142248766906940c9,Germany,"Dallas, TX","Software Development,R",NA,indeed.com
265,11-06-2024,Network engineer,Security Engineer I - AI/ML Software Engineering,JPMorgan Chase,https://d2q79iu7y748jz.cloudfront.net/s/_squarelogo/256x256/62e186e96c7550325814ef6880fae379,Germany,"Plano, TX","Software Development,R","$118,750 - $150,000 ",indeed.com
266,11-26-2024,Network engineer,Propulsion Engineer II (R2855),SHIELD AI,NA,Germany,"Dallas, TX",R,"$93,697 - $140,546 ",indeed.com
267,10-29-2024,Network engineer,COE - ERS Mechanical Commissioning Engineer - Remote,Vertiv,https://d2q79iu7y748jz.cloudfront.net/s/_squarelogo/256x256/f7424f8c0d7a63867431b91121aa12d1,Germany,"Dallas, TX","RDS,R",NA,indeed.com
268,10-30-2024,Network engineer,Infrastructure Engineer,NTT Data Services,https://d2q79iu7y748jz.cloudfront.net/s/_squarelogo/256x256/c21b3eeff438cc3857affa797a3cb07a,Germany,"Dallas, TX","Analytics,Gin,MAN,Data Management,Data Engineering,R",NA,indeed.com
269,12-02-2024,Network engineer,Open Source Systems Engineer,McKesson,https://d2q79iu7y748jz.cloudfront.net/s/_squarelogo/256x256/78a2315043a47d4c8b8d1c97da10f404,Germany,"Irving, TX","LAN,R","$116,000 - $193,300 ",indeed.com
270,12-04-2024,Network engineer,Control Systems Engineer - HROC,Lehigh Hanson,https://d2q79iu7y748jz.cloudfront.net/s/_squarelogo/256x256/f6720b18997c53a0b529113f4aca38ee,Germany,"Irving, TX",R,"$104,860 - $136,318 ",indeed.com
271,11-14-2024,Network engineer,Infrastructure Design and Install Technician,"KoiReader Technologies, Inc.",NA,Germany,"Dallas, TX",R,NA,indeed.com
272,10-29-2024,Network engineer,Senior Product Software Engineer | C# | API | containerization,Wolters Kluwer,https://d2q79iu7y748jz.cloudfront.net/s/_squarelogo/256x256/0e686c67da1bd46cee95a528fd1cb51e,Germany,"Coppell, TX","Software Development,R",NA,indeed.com
273,12-10-2024,Network engineer,Director of Software Engineering - Specialty Distribution E-commerce,Compile,NA,Germany,"Irving, TX","Software Development,R","$160,000 - $266,600 ",indeed.com
274,10-30-2024,Network engineer,Infrastructure Engineer,NTT Data Services,https://d2q79iu7y748jz.cloudfront.net/s/_squarelogo/256x256/c21b3eeff438cc3857affa797a3cb07a,Germany,"Dallas, TX","Analytics,Gin,MAN,Data Management,Data Engineering,R",NA,indeed.com
275,10-29-2024,Network engineer,Senior Product Software Engineer | C# | API | containerization,Wolters Kluwer,https://d2q79iu7y748jz.cloudfront.net/s/_squarelogo/256x256/0e686c67da1bd46cee95a528fd1cb51e,Germany,"Coppell, TX","Software Development,R",NA,indeed.com
276,12-02-2024,Network engineer,ERS Inside Sales Engineer-Dallas,Vertiv,https://d2q79iu7y748jz.cloudfront.net/s/_squarelogo/256x256/f7424f8c0d7a63867431b91121aa12d1,Germany,"Dallas, TX",R,"$78,200 - $97,750 ",indeed.com
277,10-30-2024,Network engineer,AI/ML Security - Security Engineer II,JPMorgan Chase,https://d2q79iu7y748jz.cloudfront.net/s/_squarelogo/256x256/62e186e96c7550325814ef6880fae379,Germany,"Plano, TX","Software Development,R","$118,750 - $150,000 ",indeed.com
278,10-24-2024,Network engineer,"Manager, Product Software Engineering | AI",Wolters Kluwer,https://d2q79iu7y748jz.cloudfront.net/s/_squarelogo/256x256/0e686c67da1bd46cee95a528fd1cb51e,Germany,"Coppell, TX",R,NA,indeed.com
279,11-02-2023,Network engineer,Developer | Kore.AI | Dallas,Photon,https://d2q79iu7y748jz.cloudfront.net/s/_squarelogo/256x256/4aa6cf8582dae94e91d8bf97770bbf32,Germany,"Dallas, TX",R,NA,indeed.com
280,10-29-2024,Network engineer,Principal Machine Learning Engineer,McKesson,https://d2q79iu7y748jz.cloudfront.net/s/_squarelogo/256x256/78a2315043a47d4c8b8d1c97da10f404,Germany,"Irving, TX","LAN,R","$206,300 - $343,900 ",indeed.com
281,08-30-2024,Network engineer,Supplier Development Engineer (R2848),SHIELD AI,NA,Germany,"Dallas, TX","Gin,R","$106,455 - $159,682 ",indeed.com
282,12-06-2024,Network engineer,Facilities Automation and Analytics Engineer,Texas Instruments,https://d2q79iu7y748jz.cloudfront.net/s/_squarelogo/256x256/81229889d93748c66f697d6713b83f12,Germany,"Dallas, TX","Analytics,Gin,MAN,Data Management,Data Engineering,R",NA,indeed.com
283,11-20-2024,Network engineer,"IT Systems Full Stack Engineer, Sr Staff / Hybrid",Lockheed Martin Corporation,https://d2q79iu7y748jz.cloudfront.net/s/_squarelogo/256x256/debbff68624041821d0c56fbccbcc330,Germany,"Grand Prairie, TX","Software Development,R",NA,indeed.com
284,07-10-2024,Network engineer,Software Engineer - ML Performance / HPC,Topaz Labs,https://d2q79iu7y748jz.cloudfront.net/s/_squarelogo/256x256/8c8d77d3faa52a3142248766906940c9,Germany,"Dallas, TX","Software Development,R","$110,000 - $140,000 ",indeed.com
285,11-08-2024,Network engineer,"Senior Mechanical Engineer, Sustaining (R2972)",SHIELD AI,NA,Germany,"Dallas, TX",R,"$104,000 - $156,000 ",indeed.com
286,05-31-2023,Network engineer,Senior Software Developer,Brock Solutions,https://d2q79iu7y748jz.cloudfront.net/s/_squarelogo/256x256/d3c1e5d672c603266952111ac0162fcd,Germany,"Dallas, TX","Gin,Data Engineering,R",NA,indeed.com
287,08-30-2024,Network engineer,"Staff Engineer, Software",Celestica,https://d2q79iu7y748jz.cloudfront.net/s/_squarelogo/256x256/69389f2af765fccb83bab33e89ccae69,Germany,"Richardson, TX","LAN,R",NA,indeed.com
288,12-02-2024,Network engineer,System Software Engineer - TPG,Micron,https://d2q79iu7y748jz.cloudfront.net/s/_squarelogo/256x256/867b4968106f790c3430e1308e93c4c7,Germany,"Richardson, TX",R,NA,indeed.com
289,12-02-2024,Network engineer,ERS Inside Sales Engineer-Dallas,Vertiv,https://d2q79iu7y748jz.cloudfront.net/s/_squarelogo/256x256/f7424f8c0d7a63867431b91121aa12d1,Germany,"Dallas, TX",R,"$78,200 - $97,750 ",indeed.com
290,11-08-2024,Network engineer,"Senior Mechanical Engineer, Sustaining (R2972)",SHIELD AI,NA,Germany,"Dallas, TX",R,"$104,000 - $156,000 ",indeed.com
291,11-02-2023,Network engineer,Developer | Kore.AI | Dallas,Photon,https://d2q79iu7y748jz.cloudfront.net/s/_squarelogo/256x256/4aa6cf8582dae94e91d8bf97770bbf32,Germany,"Dallas, TX",R,NA,indeed.com
292,10-30-2024,Network engineer,Infrastructure Engineer,NTT Data Services,https://d2q79iu7y748jz.cloudfront.net/s/_squarelogo/256x256/c21b3eeff438cc3857affa797a3cb07a,Germany,"Dallas, TX","Analytics,Gin,MAN,Data Management,Data Engineering,R",NA,indeed.com
293,12-06-2024,Network engineer,Facilities Automation and Analytics Engineer,Texas Instruments,https://d2q79iu7y748jz.cloudfront.net/s/_squarelogo/256x256/81229889d93748c66f697d6713b83f12,Germany,"Dallas, TX","Analytics,Gin,MAN,Data Management,Data Engineering,R",NA,indeed.com
294,10-29-2024,Network engineer,Senior Product Software Engineer | C# | API | containerization,Wolters Kluwer,https://d2q79iu7y748jz.cloudfront.net/s/_squarelogo/256x256/0e686c67da1bd46cee95a528fd1cb51e,Germany,"Coppell, TX","Software Development,R",NA,indeed.com
295,10-30-2024,Network engineer,AI/ML Security - Security Engineer II,JPMorgan Chase,https://d2q79iu7y748jz.cloudfront.net/s/_squarelogo/256x256/62e186e96c7550325814ef6880fae379,Germany,"Plano, TX","Software Development,R","$118,750 - $150,000 ",indeed.com
296,12-02-2024,Network engineer,System Software Engineer - TPG,Micron,https://d2q79iu7y748jz.cloudfront.net/s/_squarelogo/256x256/867b4968106f790c3430e1308e93c4c7,Germany,"Richardson, TX",R,NA,indeed.com
297,08-30-2024,Network engineer,Supplier Development Engineer (R2848),SHIELD AI,NA,Germany,"Dallas, TX","Gin,R","$106,455 - $159,682 ",indeed.com
298,10-29-2024,Network engineer,Principal Machine Learning Engineer,McKesson,https://d2q79iu7y748jz.cloudfront.net/s/_squarelogo/256x256/78a2315043a47d4c8b8d1c97da10f404,Germany,"Irving, TX","LAN,R","$206,300 - $343,900 ",indeed.com
299,11-20-2024,Network engineer,"IT Systems Full Stack Engineer, Sr Staff / Hybrid",Lockheed Martin Corporation,https://d2q79iu7y748jz.cloudfront.net/s/_squarelogo/256x256/debbff68624041821d0c56fbccbcc330,Germany,"Grand Prairie, TX","Software Development,R",NA,indeed.com
300,07-10-2024,Network engineer,Software Engineer - ML Performance / HPC,Topaz Labs,https://d2q79iu7y748jz.cloudfront.net/s/_squarelogo/256x256/8c8d77d3faa52a3142248766906940c9,Germany,"Dallas, TX","Software Development,R","$110,000 - $140,000 ",indeed.com
301,07-10-2024,Network engineer,Software Engineer - ML Performance / HPC,Topaz Labs,https://d2q79iu7y748jz.cloudfront.net/s/_squarelogo/256x256/8c8d77d3faa52a3142248766906940c9,Germany,"Dallas, TX","Software Development,R","$110,000 - $140,000 ",indeed.com
302,01-09-2024,Network engineer,Full Stack Engineer (80% on UI and 20% API/backend),Fidelity TalentSource,https://d2q79iu7y748jz.cloudfront.net/s/_squarelogo/256x256/4630577b0160aeea641e462095dbed8d,Germany,"Westlake, TX","LAN,R",NA,indeed.com
303,11-05-2024,Network engineer,Sr Hardware Development Engineer,Sanmina Corporation,https://d2q79iu7y748jz.cloudfront.net/s/_squarelogo/256x256/6ecb80388dabca060a3495acbe8484ee,Germany,"Carrollton, TX",R,NA,indeed.com
304,11-26-2024,Network engineer,Prompt Engineer | Onsite | Dallas/Charlotte,Photon,https://d2q79iu7y748jz.cloudfront.net/s/_squarelogo/256x256/4aa6cf8582dae94e91d8bf97770bbf32,Germany,"Dallas, TX","Software Development,R","$56,000 - $224,000 ",indeed.com
305,10-15-2024,Network engineer,Sr. Software Engineer (Python &amp; Kubernetes),Berry Appleman &amp; Leiden LLP,https://d2q79iu7y748jz.cloudfront.net/s/_squarelogo/256x256/97a1a08a5480a66660047b828c7f2456,Germany,"Richardson, TX","Software Development,R",NA,indeed.com
306,12-05-2024,Network engineer,"Software Engineer, Cloud",Topaz Labs,https://d2q79iu7y748jz.cloudfront.net/s/_squarelogo/256x256/8c8d77d3faa52a3142248766906940c9,Germany,"Dallas, TX","LAN,R",NA,indeed.com
307,12-07-2024,Network engineer,Senior Information Security Engineer,Wells Fargo,https://d2q79iu7y748jz.cloudfront.net/s/_squarelogo/256x256/2ced2b321a964f69975fedbffe05c4bb,Germany,"Westlake, TX","Analytics,Gin,MAN,Data Management,Data Engineering,R","$84,000 - $149,400 ",indeed.com
308,11-22-2024,Network engineer,DevOps,Inclusion Cloud,https://d2q79iu7y748jz.cloudfront.net/s/_squarelogo/256x256/481170ffa79cf51d852401e24e205b8e,Germany,"Dallas, TX","Software Development,R",NA,indeed.com
309,12-06-2024,Network engineer,Principal Data Engineer,Fidelity Investments,https://d2q79iu7y748jz.cloudfront.net/s/_squarelogo/256x256/3b13ae266f49b8b36d02ac0247b514ae,Germany,"Westlake, TX","Analytics,Gin,MAN,Data Management,Data Engineering,R",NA,indeed.com
310,12-09-2024,Network engineer,Palantir Engineer (Hybrid),Cognizant,https://d2q79iu7y748jz.cloudfront.net/s/_squarelogo/256x256/ad8bfb9614127a4e501b8734b35b7855,Germany,"Dallas, TX","LAN,R","$130,000 - $135,000 ",indeed.com
311,10-16-2024,Network engineer,Associate AI/ML Engineer Development,d3v Technology Solutions,NA,Germany,"Plano, TX","Gin,Data Engineering,R",NA,indeed.com
312,07-08-2024,Network engineer,Mixed Signal Processing and AI Research Engineer,Texas Instruments,https://d2q79iu7y748jz.cloudfront.net/s/_squarelogo/256x256/81229889d93748c66f697d6713b83f12,Germany,"Dallas, TX",R,NA,indeed.com
313,08-30-2024,Network engineer,V-BAT Prototype Manager (R2863),SHIELD AI,NA,Germany,"Dallas, TX","Leadership,R","$106,880 - $160,320 ",indeed.com
314,11-04-2024,Network engineer,Principal Platform Engineer - GenAI (hybrid),The Hartford,https://d2q79iu7y748jz.cloudfront.net/s/_squarelogo/256x256/47f10cea3ca8393ab83d15732fdc454b,Germany,"Frisco, TX","Gin,Data Engineering,R","$166,560 - $249,840 ",indeed.com
315,07-09-2024,Network engineer,DSP/AI/ML Staff Engineer - Embedded Power Management,Qorvo,https://d2q79iu7y748jz.cloudfront.net/s/_squarelogo/256x256/8aecfd65e3c7e1dd7e75e48218243069,Germany,"Richardson, TX",R,NA,indeed.com
316,09-13-2024,Network engineer,Lead HPC Hardware Engineer,G-Research,https://d2q79iu7y748jz.cloudfront.net/s/_squarelogo/256x256/9e85ca0b754e7941075da200eade9bdf,Germany,"Dallas, TX",R,NA,indeed.com
317,08-29-2024,Network engineer,"Engineer II, Systems Test (R2882)",SHIELD AI,NA,Germany,"Dallas, TX",R,"$83,541 - $125,312 ",indeed.com
318,11-12-2024,Network engineer,Lead Software Engineer - Full Stack Java/Python/with React,JPMorgan Chase,https://d2q79iu7y748jz.cloudfront.net/s/_squarelogo/256x256/62e186e96c7550325814ef6880fae379,Germany,"Plano, TX","MAN,Asset Management,R",NA,indeed.com
319,01-30-2024,Network engineer,Sr. DevOps Engineer,TEK NINJAS,https://d2q79iu7y748jz.cloudfront.net/s/_squarelogo/256x256/f05f90301da28a2995493120b6dd0ff2,Germany,"Dallas, TX",R,NA,indeed.com
320,05-14-2024,Network engineer,RF System and Architecture Designer,Analog Devices,https://d2q79iu7y748jz.cloudfront.net/s/_squarelogo/256x256/3b3603ff1ad22757aaea406c001a6798,Germany,"Dallas, TX","LAN,R",NA,indeed.com
321,10-02-2024,Network engineer,"Sales Engineer, Platform (Remote)","Ryan, LLC",https://d2q79iu7y748jz.cloudfront.net/s/_squarelogo/256x256/f69ac43b4b486dfccee7c8458ffb692e,Germany,"Dallas, TX","Software Development,R","$78,000 - $117,700 ",indeed.com
322,12-09-2024,Network engineer,Senior Architect DevOps (Big Data),Cognizant,https://d2q79iu7y748jz.cloudfront.net/s/_squarelogo/256x256/ad8bfb9614127a4e501b8734b35b7855,Germany,"Plano, TX","LAN,R",NA,indeed.com
323,10-10-2024,Network engineer,"Senior Linux Engineer - Irving, Texas",NTT Data Services,https://d2q79iu7y748jz.cloudfront.net/s/_squarelogo/256x256/c21b3eeff438cc3857affa797a3cb07a,Germany,"Irving, TX","Software Development,R",NA,indeed.com
324,10-25-2024,Network engineer,GRC Developer - IBM OpenPages,NTT Data Services,https://d2q79iu7y748jz.cloudfront.net/s/_squarelogo/256x256/c21b3eeff438cc3857affa797a3cb07a,Germany,"Irving, TX","LAN,R",NA,indeed.com
325,10-02-2024,Network engineer,"Sales Engineer, Platform (Remote)","Ryan, LLC",https://d2q79iu7y748jz.cloudfront.net/s/_squarelogo/256x256/f69ac43b4b486dfccee7c8458ffb692e,Germany,"Dallas, TX","Software Development,R","$78,000 - $117,700 ",indeed.com
326,10-28-2024,Network engineer,AEM Software Development Specialist,NTT Data Services,https://d2q79iu7y748jz.cloudfront.net/s/_squarelogo/256x256/c21b3eeff438cc3857affa797a3cb07a,Germany,"Dallas, TX","LAN,R",$62 an hour,indeed.com
327,08-22-2024,Network engineer,"Vibrations Test Engineer II, Aerostructures (R2784)",SHIELD AI,NA,Germany,"Dallas, TX","Gin,R","$83,233 - $124,848 ",indeed.com
328,11-05-2024,Network engineer,Release Train Engineer,NTT Data Services,https://d2q79iu7y748jz.cloudfront.net/s/_squarelogo/256x256/c21b3eeff438cc3857affa797a3cb07a,Germany,"Dallas, TX",R,NA,indeed.com
329,08-09-2024,Network engineer,Advanced Support Engineer,Fortinet,https://d2q79iu7y748jz.cloudfront.net/s/_squarelogo/256x256/95cba5c3b4fc16eb2ee1522bd656d14e,Germany,"Plano, TX","Software Development,R",NA,indeed.com
330,10-25-2024,Network engineer,IBM OpenPages Application Developer,NTT Data Services,https://d2q79iu7y748jz.cloudfront.net/s/_squarelogo/256x256/c21b3eeff438cc3857affa797a3cb07a,Germany,"Irving, TX","LAN,R",NA,indeed.com
331,07-24-2024,Network engineer,"Principal IO Design Engineer, HBM Design",Micron,https://d2q79iu7y748jz.cloudfront.net/s/_squarelogo/256x256/867b4968106f790c3430e1308e93c4c7,Germany,"Richardson, TX",R,"$132,000 - $272,000 ",indeed.com
332,11-13-2024,Network engineer,"Sr. Data Science Engineer, Product",AppFolio,https://d2q79iu7y748jz.cloudfront.net/s/_squarelogo/256x256/6c9b2ba016a47aa0dd5c6fb5b2a8b66f,Germany,"Dallas, TX","MAN,Project Management,R","$138,400 - $173,000 ",indeed.com
333,08-13-2024,Network engineer,Ops Tech AI &amp; Automation Principal Engineer,Citi,https://d2q79iu7y748jz.cloudfront.net/s/_squarelogo/256x256/3a65f2fd9d93f6c880484c373f0b34da,Germany,"Irving, TX","MAN,Asset Management,R","$125,760 - $188,640 ",indeed.com
334,11-18-2024,Network engineer,Experienced Software Engineer Java / Python (Full Stack or Back End),JPMorgan Chase,https://d2q79iu7y748jz.cloudfront.net/s/_squarelogo/256x256/62e186e96c7550325814ef6880fae379,Germany,"Plano, TX","LAN,R",NA,indeed.com
335,11-04-2024,Network engineer,CT - Lead IAM Engineer,McKesson,https://d2q79iu7y748jz.cloudfront.net/s/_squarelogo/256x256/78a2315043a47d4c8b8d1c97da10f404,Germany,"Irving, TX","Software Development,R","$139,000 - $231,600 ",indeed.com
336,11-01-2024,Network engineer,Senior Enterprise Security Engineer,Epsilon,https://d2q79iu7y748jz.cloudfront.net/s/_squarelogo/256x256/120033298d64b3531b8b1bba403e0580,Germany,"Irving, TX","Software Development,R",NA,indeed.com
337,10-11-2024,Network engineer,Manager - Automation Engineering,Gainsco Auto Insurance,NA,Germany,"Richardson, TX","Software Development,R",NA,indeed.com
338,05-22-2024,Network engineer,Electrical Test &amp; Rapid Prototype Engineer II (R2723),SHIELD AI,NA,Germany,"Dallas, TX","Gin,R","$89,498 - $134,248 ",indeed.com
339,12-06-2024,Network engineer,Software Engineer,Spirent Communications,https://d2q79iu7y748jz.cloudfront.net/s/_squarelogo/256x256/a6e32d22447169f7a724f27fc1f63561,Germany,"Plano, TX","Software Development,R",NA,indeed.com
340,09-27-2024,Network engineer,"Director, HBM SoC Design - TPG",Micron,https://d2q79iu7y748jz.cloudfront.net/s/_squarelogo/256x256/867b4968106f790c3430e1308e93c4c7,Germany,"Richardson, TX","MAN,Project Management,R",NA,indeed.com
341,07-18-2024,Network engineer,"Principal Engineer, Aero-Performance (R2797)",SHIELD AI,NA,Germany,"Dallas, TX",R,"$192,559 - $288,838 ",indeed.com
342,11-22-2024,Network engineer,Data Quality Engineer,Inclusion Cloud,https://d2q79iu7y748jz.cloudfront.net/s/_squarelogo/256x256/481170ffa79cf51d852401e24e205b8e,Germany,"Dallas, TX","LAN,R",NA,indeed.com
343,12-07-2024,Network engineer,Software Engineer III (AI/ML),Chewy,https://d2q79iu7y748jz.cloudfront.net/s/_squarelogo/256x256/cb6d98dac4a812f428d65f801aefa5bf,Germany,"Richardson, TX","Software Development,R",NA,indeed.com
344,10-25-2024,Network engineer,Sr. DevOps Engineer,NTT Data Services,https://d2q79iu7y748jz.cloudfront.net/s/_squarelogo/256x256/c21b3eeff438cc3857affa797a3cb07a,Germany,"Irving, TX","Software Development,R",$60 - $70 an hour,indeed.com
345,11-07-2024,Network engineer,Programmer Analyst - Cloud &amp; Data Engineer,RisamSoft,NA,Germany,"Irving, TX","Software Development,R",NA,indeed.com
346,12-02-2024,Network engineer,2025 Emerging Talent Software Engineers - Full time – United States (April 2025 Start),JPMorgan Chase,https://d2q79iu7y748jz.cloudfront.net/s/_squarelogo/256x256/62e186e96c7550325814ef6880fae379,Germany,"Plano, TX","Software Development,R","$95,000 - $125,000 ",indeed.com
347,09-26-2024,Network engineer,"Senior Engineer, Systems Test (R2882)",SHIELD AI,NA,Germany,"Dallas, TX",R,"$104,888 - $157,333 ",indeed.com
348,11-22-2024,Network engineer,DevOps,Inclusion Cloud,https://d2q79iu7y748jz.cloudfront.net/s/_squarelogo/256x256/481170ffa79cf51d852401e24e205b8e,Germany,"Dallas, TX","Software Development,R",NA,indeed.com
349,08-29-2024,Network engineer,"Engineer II, Systems Test (R2882)",SHIELD AI,NA,Germany,"Dallas, TX",R,"$83,541 - $125,312 ",indeed.com
350,10-10-2024,Network engineer,"Senior Linux Engineer - Irving, Texas",NTT Data Services,https://d2q79iu7y748jz.cloudfront.net/s/_squarelogo/256x256/c21b3eeff438cc3857affa797a3cb07a,Germany,"Irving, TX","Software Development,R",NA,indeed.com
351,11-26-2024,Network engineer,"Sales Engineer, West",Dataiku Misc Postings,https://d2q79iu7y748jz.cloudfront.net/s/_squarelogo/256x256/89ce7ac207e72d6b15d439c9c3fdf9c1,Germany,"Dallas, TX","LAN,R","$140,000 - $175,000 ",indeed.com
352,08-28-2024,Network engineer,Platform Engineer,Alcority,NA,Germany,"Dallas, TX",R,NA,indeed.com
353,10-28-2024,Network engineer,AEM Software Development Specialist,NTT Data Services,https://d2q79iu7y748jz.cloudfront.net/s/_squarelogo/256x256/c21b3eeff438cc3857affa797a3cb07a,Germany,"Dallas, TX","LAN,R",$62 an hour,indeed.com
354,11-12-2024,Network engineer,Lead Software Engineer - Full Stack Java/Python/with React,JPMorgan Chase,NA,Germany,"Plano, TX","MAN,Asset Management,R",NA,indeed.com
355,08-09-2024,Network engineer,Advanced Support Engineer,Fortinet,https://d2q79iu7y748jz.cloudfront.net/s/_squarelogo/256x256/95cba5c3b4fc16eb2ee1522bd656d14e,Germany,"Plano, TX","Software Development,R",NA,indeed.com
356,12-02-2024,Network engineer,2025 Emerging Talent Software Engineers - Full time – United States (April 2025 Start),JPMorgan Chase,https://d2q79iu7y748jz.cloudfront.net/s/_squarelogo/256x256/62e186e96c7550325814ef6880fae379,Germany,"Plano, TX","Software Development,R","$95,000 - $125,000 ",indeed.com
357,11-04-2024,Network engineer,CT - Lead IAM Engineer,McKesson,https://d2q79iu7y748jz.cloudfront.net/s/_squarelogo/256x256/78a2315043a47d4c8b8d1c97da10f404,Germany,"Irving, TX","Software Development,R","$139,000 - $231,600 ",indeed.com
358,09-26-2024,Network engineer,"Senior Engineer, Systems Test (R2882)",SHIELD AI,NA,Germany,"Dallas, TX",R,"$104,888 - $157,333 ",indeed.com
359,11-22-2024,Network engineer,DevOps,Inclusion Cloud,https://d2q79iu7y748jz.cloudfront.net/s/_squarelogo/256x256/481170ffa79cf51d852401e24e205b8e,Germany,"Dallas, TX","Software Development,R",NA,indeed.com
360,10-10-2024,Network engineer,"Senior Linux Engineer - Irving, Texas",NTT Data Services,https://d2q79iu7y748jz.cloudfront.net/s/_squarelogo/256x256/c21b3eeff438cc3857affa797a3cb07a,Germany,"Irving, TX","Software Development,R",NA,indeed.com
361,08-29-2024,Network engineer,"Engineer II, Systems Test (R2882)",SHIELD AI,NA,Germany,"Dallas, TX",R,"$83,541 - $125,312 ",indeed.com
362,08-15-2024,Network engineer,Sales Engineer - Cloud,"Arrow Electronics, Inc.",https://d2q79iu7y748jz.cloudfront.net/s/_squarelogo/256x256/e91f170de2cda05771e5d1d9212cd168,Germany,"Plano, TX",R,"$122,600 - $175,450 ",indeed.com
363,08-28-2024,Network engineer,Platform Engineer,Alcority,NA,Germany,"Dallas, TX",R,NA,indeed.com
364,11-06-2024,Network engineer,"Director, Engineering","Vizient, Inc.",https://d2q79iu7y748jz.cloudfront.net/s/_squarelogo/256x256/b18d377806e5f643bf128d6df905caa6,Germany,"Irving, TX","Software Development,R","$135,200 - $223,200 ",indeed.com
365,11-20-2024,Network engineer,"Sr. Developer - Dallas, TX",Texas Regional Bank,https://d2q79iu7y748jz.cloudfront.net/s/_squarelogo/256x256/26a3e8c00b9b1a3a3c5cbc1456b178c1,Germany,"Dallas, TX",R,NA,indeed.com
366,11-12-2024,Network engineer,Lead Software Engineer - Full Stack Java/Python/with React,JPMorgan Chase,https://d2q79iu7y748jz.cloudfront.net/s/_squarelogo/256x256/62e186e96c7550325814ef6880fae379,Germany,"Plano, TX","MAN,Asset Management,R",NA,indeed.com
367,08-09-2024,Network engineer,Advanced Support Engineer,Fortinet,https://d2q79iu7y748jz.cloudfront.net/s/_squarelogo/256x256/95cba5c3b4fc16eb2ee1522bd656d14e,Germany,"Plano, TX","Software Development,R",NA,indeed.com
368,05-22-2024,Network engineer,Electrical Test &amp; Rapid Prototype Engineer II (R2723),SHIELD AI,NA,Germany,"Dallas, TX","Gin,R","$89,498 - $134,248 ",indeed.com
369,11-04-2024,Network engineer,CT - Lead IAM Engineer,McKesson,https://d2q79iu7y748jz.cloudfront.net/s/_squarelogo/256x256/78a2315043a47d4c8b8d1c97da10f404,Germany,"Irving, TX","Software Development,R","$139,000 - $231,600 ",indeed.com
370,11-18-2024,Network engineer,Experienced Software Engineer Java / Python (Full Stack or Back End),JPMorgan Chase,https://d2q79iu7y748jz.cloudfront.net/s/_squarelogo/256x256/62e186e96c7550325814ef6880fae379,Germany,"Plano, TX","LAN,R",NA,indeed.com
371,10-18-2024,Network engineer,"Software Dev Eng V, Software NMS",Fujitsu,https://d2q79iu7y748jz.cloudfront.net/s/_squarelogo/256x256/0cfa330f9ad3c5bfdba8d5d7e1fee5a2,Germany,"Dallas, TX","LAN,R",NA,indeed.com
372,08-22-2024,Network engineer,(Python Based) Lead Research Engineer,Thomson Reuters,NA,Germany,"Eagan, MN","Software Development,R",NA,indeed.com
373,12-03-2024,Network engineer,"Customer Success Engineer, West",Dataiku Misc Postings,https://d2q79iu7y748jz.cloudfront.net/s/_squarelogo/256x256/89ce7ac207e72d6b15d439c9c3fdf9c1,Germany,"Dallas, TX","LAN,R","$120,000 - $160,000 ",indeed.com
374,11-01-2024,Network engineer,Senior Enterprise Security Engineer,Epsilon,https://d2q79iu7y748jz.cloudfront.net/s/_squarelogo/256x256/120033298d64b3531b8b1bba403e0580,Germany,"Irving, TX","Software Development,R",NA,indeed.com
375,09-27-2024,Network engineer,"Director, HBM SoC Design - TPG",Micron,https://d2q79iu7y748jz.cloudfront.net/s/_squarelogo/256x256/867b4968106f790c3430e1308e93c4c7,Germany,"Richardson, TX","MAN,Project Management,R",NA,indeed.com
376,12-07-2024,Network engineer,Software Engineer III (AI/ML),Chewy,https://d2q79iu7y748jz.cloudfront.net/s/_squarelogo/256x256/cb6d98dac4a812f428d65f801aefa5bf,Germany,"Richardson, TX","Software Development,R",NA,indeed.com
377,09-11-2024,Network engineer,"Senior Specialist, Full Stack Developer",KPMG,https://d2q79iu7y748jz.cloudfront.net/s/_squarelogo/256x256/dd15e348655668335109be33677955ea,Germany,"Dallas, TX","Analytics,Gin,MAN,Data Management,Data Engineering,R",NA,indeed.com
378,11-22-2024,Network engineer,Data Quality Engineer,Inclusion Cloud,https://d2q79iu7y748jz.cloudfront.net/s/_squarelogo/256x256/481170ffa79cf51d852401e24e205b8e,Germany,"Dallas, TX","LAN,R",NA,indeed.com
379,10-25-2024,Network engineer,Sr. DevOps Engineer,NTT Data Services,https://d2q79iu7y748jz.cloudfront.net/s/_squarelogo/256x256/c21b3eeff438cc3857affa797a3cb07a,Germany,"Irving, TX","Software Development,R",$60 - $70 an hour,indeed.com
380,11-07-2024,Network engineer,Programmer Analyst - Cloud &amp; Data Engineer,RisamSoft,NA,Germany,"Irving, TX","Software Development,R",NA,indeed.com
381,10-31-2024,Network engineer,"Senior ML Engineer - RAG, VertexAI Solutions",Accenture,https://d2q79iu7y748jz.cloudfront.net/s/_squarelogo/256x256/e1bd47363c07b64a9578dbf71edbf4e4,Germany,"Irving, TX","Software Development,R",NA,indeed.com
382,09-30-2024,Network engineer,Senior Contact Center Engineer,Indeed,NA,Germany,"Dallas, TX","LAN,R","Up to $80,000 ",indeed.com
383,11-22-2024,Network engineer,Staff ETAC Engineer,Palo Alto Networks,https://d2q79iu7y748jz.cloudfront.net/s/_squarelogo/256x256/0faf192cd5b5f732d5b8b8ee9d263081,Germany,"Plano, TX",R,"$126,000 - $204,500 ",indeed.com
384,10-31-2024,Network engineer,Google Cloud GenAI Developer,Accenture,https://d2q79iu7y748jz.cloudfront.net/s/_squarelogo/256x256/e1bd47363c07b64a9578dbf71edbf4e4,Germany,"Irving, TX","Software Development,R",NA,indeed.com
385,11-03-2023,Network engineer,Staff Machine Learning &amp; Computer Vision Engineer,Dandy,https://d2q79iu7y748jz.cloudfront.net/s/_squarelogo/256x256/55fb33c702d1493021ea17f11c237736,Germany,"Carrollton, TX","Leadership,R","$232,500 - $258,750 ",indeed.com
386,12-04-2024,Network engineer,Lead Assistant Manager - Java Developer,clairvoyant,https://d2q79iu7y748jz.cloudfront.net/s/_squarelogo/256x256/cfdcc7ab8c6a16fd0366c6b3ed90f6a2,Germany,"Richardson, TX","Software Development,R",NA,indeed.com
387,12-04-2024,Network engineer,Lead Assistant Manager - Java Developer,EXL Services,https://d2q79iu7y748jz.cloudfront.net/s/_squarelogo/256x256/ac4ada250a93e9d194b50a786f54df67,Germany,"Richardson, TX","LAN,R",NA,indeed.com
388,12-08-2024,Network engineer,Staff Machine Learning Ops Engineer,CVS Health,https://d2q79iu7y748jz.cloudfront.net/s/_squarelogo/256x256/ef487bd4918a595f3e86081a6c389d41,Germany,"Richardson, TX","Gin,Data Engineering,R","$118,450 - $236,900 ",indeed.com
389,07-28-2022,Network engineer,Senior .Net Full Stack Developer - Plano,AmplifAI Solutions,NA,Germany,"Plano, TX",R,NA,indeed.com
390,11-07-2024,Network engineer,Machine Learning Engineer - REMOTE,NTT Data Services,https://d2q79iu7y748jz.cloudfront.net/s/_squarelogo/256x256/c21b3eeff438cc3857affa797a3cb07a,Germany,"Plano, TX",R,"$108,472 - $251,094 ",indeed.com
391,10-14-2024,Network engineer,HCL eCommerce Senior/Lead Developer - REMOTE,NTT Data Services,https://d2q79iu7y748jz.cloudfront.net/s/_squarelogo/256x256/c21b3eeff438cc3857affa797a3cb07a,Germany,"Dallas, TX","LAN,R","$84,996 - $177,076 ",indeed.com
392,11-26-2024,Network engineer,Software Engineer IV,Lennox International,https://d2q79iu7y748jz.cloudfront.net/s/_squarelogo/256x256/365446e7e2f40beeecff99c21a26da89,Germany,"Carrollton, TX",R,NA,indeed.com
393,11-11-2024,Network engineer,Machine Learning Engineer - Sr. Associate,JPMorgan Chase,https://d2q79iu7y748jz.cloudfront.net/s/_squarelogo/256x256/62e186e96c7550325814ef6880fae379,Germany,"Plano, TX","LAN,R","$128,250 - $195,000 ",indeed.com
394,11-15-2024,Network engineer,Sr Back End Engineer,Lennar,https://d2q79iu7y748jz.cloudfront.net/s/_squarelogo/256x256/de47f80d161ed972d5fd383223126db6,Germany,"Frisco, TX",R,"$115,829 - $138,004 ",indeed.com
395,10-03-2024,Network engineer,Principal Full Stack Engineer,AT&amp;T,https://d2q79iu7y748jz.cloudfront.net/s/_squarelogo/256x256/786b557b652fed5a331aa11f7dabb17c,Germany,"Plano, TX","LAN,R","$158,200 - $237,400 ",indeed.com
396,12-09-2024,Network engineer,Juniper MIST Resident Engineer,Indeed,NA,Germany,"Plano, TX",R,NA,indeed.com
397,04-30-2024,Network engineer,Senior Software Engineer - Video AI,Topaz Labs,https://d2q79iu7y748jz.cloudfront.net/s/_squarelogo/256x256/8c8d77d3faa52a3142248766906940c9,Germany,"Dallas, TX","LAN,R",NA,indeed.com
398,11-27-2024,Network engineer,Cloud Engineer (GCP),NTT Data Services,https://d2q79iu7y748jz.cloudfront.net/s/_squarelogo/256x256/c21b3eeff438cc3857affa797a3cb07a,Germany,"Plano, TX","LAN,R",$75 - $80 an hour,indeed.com
399,12-05-2024,Network engineer,Sr. .NET/Splunk Developer,NTT Data Services,https://d2q79iu7y748jz.cloudfront.net/s/_squarelogo/256x256/c21b3eeff438cc3857affa797a3cb07a,Germany,"Plano, TX","Analytics,Gin,MAN,Data Management,Data Engineering,R",$50 - $52 an hour,indeed.com
400,12-10-2024,Network engineer,Principal Engineer,Indeed,NA,Germany,"Dallas, TX",R,From $90 an hour,indeed.com
401,11-07-2024,Network engineer,Remote Machine Learning Engineer,NTT Data Services,https://d2q79iu7y748jz.cloudfront.net/s/_squarelogo/256x256/c21b3eeff438cc3857affa797a3cb07a,Germany,"Plano, TX",R,"$108,472 - $251,094 ",indeed.com
402,12-02-2024,Network engineer,"Software Engineer, Developer 2",Epsilon,https://d2q79iu7y748jz.cloudfront.net/s/_squarelogo/256x256/120033298d64b3531b8b1bba403e0580,Germany,"Irving, TX","LAN,R",NA,indeed.com
403,11-21-2024,Network engineer,Sr. Data Engineer,NTT Data Services,https://d2q79iu7y748jz.cloudfront.net/s/_squarelogo/256x256/c21b3eeff438cc3857affa797a3cb07a,Germany,"Plano, TX","LAN,R",$70 - $90 an hour,indeed.com
404,03-13-2024,Network engineer,Flight Test Engineer (R2634),SHIELD AI,NA,Germany,"Dallas, TX",R,"$83,768 - $125,312 ",indeed.com
405,05-23-2024,Network engineer,Staff Software Engineer,Blue Yonder,https://d2q79iu7y748jz.cloudfront.net/s/_squarelogo/256x256/f0736e9f63b24ef74345f631ec2d5315,Germany,"Dallas, TX",R,"$113,046 - $163,977 ",indeed.com
406,11-21-2024,Network engineer,Sr. Data Engineer,NTT Data Services,https://d2q79iu7y748jz.cloudfront.net/s/_squarelogo/256x256/c21b3eeff438cc3857affa797a3cb07a,Germany,"Plano, TX","LAN,R",$70 - $90 an hour,indeed.com
407,07-26-2023,Network engineer,Python Engineer (Top Secret Clearance),Better Talent Advisors,NA,Germany,"Dallas, TX","Go,R","$130,000 - $300,000 ",indeed.com
408,02-21-2024,Network engineer,Software Integration Engineer,Brock Solutions,https://d2q79iu7y748jz.cloudfront.net/s/_squarelogo/256x256/d3c1e5d672c603266952111ac0162fcd,Germany,"Dallas, TX",R,NA,indeed.com
409,11-20-2024,Network engineer,Firmware Engineer,Aither Systems Holdings LLC,NA,Germany,"Allen, TX","Software Development,R",NA,indeed.com
410,11-04-2024,Network engineer,"Senior Research Engineer (Foundational Research, Machine Learning)",Thomson Reuters,https://d2q79iu7y748jz.cloudfront.net/s/_squarelogo/256x256/5d1b706607c05efdbd91b2050c833b81,Germany,"Ann Arbor, MI",R,NA,indeed.com
411,12-10-2024,Network engineer,Data Scientist/Lead GenAI Consultant,Indeed,NA,Germany,"Irving, TX",R,"$74,330 - $83,385 ",indeed.com
412,11-18-2024,Network engineer,Senior Data Engineer,Virtuous,https://d2q79iu7y748jz.cloudfront.net/s/_squarelogo/256x256/050dd5a866ce314b280b91575ffb6d86,Germany,"Plano, TX",R,NA,indeed.com
413,12-04-2024,Network engineer,"Customer Success Engineer (US based, remote)",Fortanix,https://d2q79iu7y748jz.cloudfront.net/s/_squarelogo/256x256/ff189280b10d92324453fabbd9751646,Germany,"Dallas, TX","Software Development,R",NA,indeed.com
414,12-06-2024,Network engineer,Senior Data Engineer,AMH,https://d2q79iu7y748jz.cloudfront.net/s/_squarelogo/256x256/a1cf70fc2c4702a9aac4c0b92112d0d2,Germany,"Dallas, TX","LAN,R",NA,indeed.com
415,12-07-2024,Network engineer,Jr Data Engineer,Deloitte,https://d2q79iu7y748jz.cloudfront.net/s/_squarelogo/256x256/b245a75ba4a28df29f8f1551ac296deb,Germany,"Dallas, TX","LAN,R",NA,indeed.com
416,11-18-2024,Network engineer,Network Engineer,Indeed,NA,Germany,"Staunton, VA","Go,R","Up to $75,000 ",indeed.com
417,11-26-2024,Network engineer,Cloud Network Engineer,Indeed,NA,Germany,"Manassas, VA","Software Development,R",$60 - $65 an hour,indeed.com
418,10-17-2024,Network engineer,Network Engineer,Indeed,https://d2q79iu7y748jz.cloudfront.net/s/_squarelogo/256x256/1b8f6c094a0b081566cd6bd568fb5333,Germany,"Atlanta, GA",R,$48 - $51 an hour,indeed.com
419,09-25-2024,Network engineer,Network Engineer,Indeed,NA,Germany,"Austin, TX",R,$50 an hour,indeed.com
